date,lottery_id,n1,n2,n3,n4,n5
2025.11.01.,hu5,11,20,29,42,55
2025.10.25.,hu5,12,30,49,51,66
2025.10.18.,hu5,3,25,32,55,74
2025.10.11.,hu5,11,15,31,75,79
2025.10.04.,hu5,7,8,39,41,49
2025.09.27.,hu5,5,14,26,31,54
2025.09.20.,hu5,15,35,72,77,90
2025.09.13.,hu5,4,7,36,86,90
2025.09.06.,hu5,2,18,40,45,47
2025.08.30.,hu5,7,17,35,50,77
2025.08.23.,hu5,6,24,77,88,89
2025.08.16.,hu5,6,23,39,59,61
2025.08.09.,hu5,6,24,42,53,61
2025.08.02.,hu5,3,55,81,83,85
2025.07.26.,hu5,2,17,27,29,55
2025.07.19.,hu5,10,36,39,47,72
2025.07.12.,hu5,16,23,50,52,74
2025.07.05.,hu5,4,12,21,76,79
2025.06.28.,hu5,18,56,61,63,75
2025.06.21.,hu5,46,48,79,81,83
2025.06.14.,hu5,2,17,37,44,78
2025.06.07.,hu5,8,13,36,77,82
2025.05.31.,hu5,5,8,14,72,85
2025.05.24.,hu5,20,28,52,55,70
2025.05.17.,hu5,7,22,26,33,50
2025.05.10.,hu5,4,11,73,77,87
2025.05.03.,hu5,6,32,49,62,71
2025.04.26.,hu5,15,26,35,74,90
2025.04.19.,hu5,4,17,49,55,56
2025.04.12.,hu5,9,41,49,52,85
2025.04.05.,hu5,2,29,55,81,89
2025.03.29.,hu5,29,37,68,79,83
2025.03.22.,hu5,8,35,39,47,77
2025.03.15.,hu5,4,13,16,31,77
2025.03.08.,hu5,8,11,22,53,64
2025.03.01.,hu5,7,28,48,59,90
2025.02.22.,hu5,1,15,34,50,89
2025.02.15.,hu5,10,42,57,65,81
2025.02.08.,hu5,56,61,66,72,76
2025.02.01.,hu5,2,3,7,26,79
2025.01.25.,hu5,1,7,25,52,59
2025.01.18.,hu5,10,29,34,43,83
2025.01.11.,hu5,2,21,28,58,84
2025.01.04.,hu5,16,33,46,55,86
2024.12.28.,hu5,28,56,57,59,80
2024.12.21.,hu5,19,34,49,51,81
2024.12.14.,hu5,13,41,49,53,58
2024.12.07.,hu5,4,29,35,55,68
2024.11.30.,hu5,27,33,64,67,85
2024.11.23.,hu5,13,23,40,68,87
2024.11.16.,hu5,3,39,65,73,77
2024.11.09.,hu5,3,40,50,53,80
2024.11.02.,hu5,21,48,51,52,77
2024.10.26.,hu5,17,20,29,30,44
2024.10.19.,hu5,3,10,12,13,33
2024.10.12.,hu5,17,61,66,72,88
2024.10.05.,hu5,20,44,72,73,82
2024.09.28.,hu5,28,40,46,50,76
2024.09.21.,hu5,17,20,28,34,86
2024.09.14.,hu5,2,52,81,86,89
2024.09.07.,hu5,6,7,26,47,58
2024.08.31.,hu5,5,23,25,31,40
2024.08.24.,hu5,8,31,51,78,80
2024.08.17.,hu5,9,21,51,54,74
2024.08.10.,hu5,45,46,54,58,87
2024.08.03.,hu5,5,39,45,62,88
2024.07.27.,hu5,2,7,47,77,89
2024.07.20.,hu5,28,29,56,71,83
2024.07.13.,hu5,15,39,42,51,70
2024.07.06.,hu5,37,41,66,79,87
2024.06.29.,hu5,7,12,35,59,78
2024.06.22.,hu5,36,51,57,72,89
2024.06.15.,hu5,44,85,86,87,88
2024.06.08.,hu5,19,41,60,77,81
2024.06.01.,hu5,1,50,53,79,80
2024.05.25.,hu5,39,41,56,58,64
2024.05.18.,hu5,8,31,59,60,72
2024.05.11.,hu5,17,34,60,80,82
2024.05.04.,hu5,9,28,76,77,83
2024.04.27.,hu5,13,34,35,58,69
2024.04.20.,hu5,13,37,38,64,83
2024.04.13.,hu5,13,19,48,51,71
2024.04.06.,hu5,1,4,43,64,76
2024.03.30.,hu5,5,15,34,38,59
2024.03.23.,hu5,4,9,12,38,78
2024.03.16.,hu5,38,44,54,56,63
2024.03.09.,hu5,28,54,68,71,77
2024.03.02.,hu5,41,45,46,53,64
2024.02.24.,hu5,4,15,47,59,83
2024.02.17.,hu5,14,34,46,81,84
2024.02.10.,hu5,30,45,59,70,84
2024.02.03.,hu5,50,54,62,75,80
2024.01.27.,hu5,21,37,51,64,83
2024.01.20.,hu5,2,32,34,36,39
2024.01.13.,hu5,13,29,32,56,70
2024.01.06.,hu5,2,12,23,72,75
2023.12.30.,hu5,3,54,63,79,81
2023.12.23.,hu5,7,26,38,49,77
2023.12.16.,hu5,18,29,33,36,89
2023.12.09.,hu5,2,4,22,62,82
2023.12.02.,hu5,3,6,30,51,68
2023.11.25.,hu5,12,26,51,63,74
2023.11.18.,hu5,3,14,25,76,89
2023.11.11.,hu5,42,49,55,77,89
2023.11.04.,hu5,4,17,68,80,84
2023.10.28.,hu5,5,8,47,55,87
2023.10.21.,hu5,10,17,48,73,74
2023.10.14.,hu5,5,20,24,74,77
2023.10.07.,hu5,9,10,33,54,75
2023.09.30.,hu5,17,32,47,72,82
2023.09.23.,hu5,14,18,25,41,86
2023.09.16.,hu5,3,24,28,56,87
2023.09.09.,hu5,51,61,63,67,75
2023.09.02.,hu5,9,46,47,61,86
2023.08.26.,hu5,7,8,14,20,47
2023.08.19.,hu5,22,46,53,56,67
2023.08.12.,hu5,16,65,68,70,90
2023.08.05.,hu5,1,4,33,43,65
2023.07.29.,hu5,10,22,23,50,61
2023.07.22.,hu5,20,25,30,35,73
2023.07.15.,hu5,27,56,75,76,81
2023.07.08.,hu5,4,17,55,67,89
2023.07.01.,hu5,18,42,44,48,86
2023.06.24.,hu5,25,36,38,51,89
2023.06.17.,hu5,12,37,50,74,77
2023.06.10.,hu5,24,27,50,54,71
2023.06.03.,hu5,29,35,36,48,83
2023.05.27.,hu5,15,26,29,50,70
2023.05.20.,hu5,1,20,42,43,62
2023.05.13.,hu5,35,39,80,88,90
2023.05.06.,hu5,7,11,15,55,74
2023.04.29.,hu5,7,13,28,47,58
2023.04.22.,hu5,10,17,25,30,83
2023.04.15.,hu5,15,27,54,62,76
2023.04.08.,hu5,19,38,53,58,71
2023.04.01.,hu5,6,9,35,79,85
2023.03.25.,hu5,13,24,34,45,59
2023.03.18.,hu5,27,50,65,67,83
2023.03.11.,hu5,25,40,48,68,82
2023.03.04.,hu5,2,4,44,48,73
2023.02.25.,hu5,2,43,72,74,82
2023.02.18.,hu5,28,37,53,68,84
2023.02.11.,hu5,10,32,40,70,82
2023.02.04.,hu5,8,15,20,32,34
2023.01.28.,hu5,20,51,54,59,86
2023.01.21.,hu5,11,36,39,68,84
2023.01.14.,hu5,16,25,32,72,85
2023.01.07.,hu5,20,58,72,80,90
2023.01.01.,hu5,5,32,36,48,61
2022.12.24.,hu5,2,4,43,53,70
2022.12.17.,hu5,5,39,51,83,84
2022.12.10.,hu5,5,20,37,75,78
2022.12.03.,hu5,8,27,60,71,75
2022.11.26.,hu5,4,18,39,41,54
2022.11.19.,hu5,5,21,32,38,81
2022.11.12.,hu5,16,30,32,58,79
2022.11.05.,hu5,15,35,37,46,72
2022.10.29.,hu5,2,3,22,42,55
2022.10.22.,hu5,4,8,12,40,44
2022.10.15.,hu5,1,7,39,40,58
2022.10.08.,hu5,18,33,36,48,60
2022.10.01.,hu5,12,22,24,49,65
2022.09.24.,hu5,3,16,21,43,60
2022.09.17.,hu5,7,15,19,33,71
2022.09.10.,hu5,7,10,33,34,78
2022.09.03.,hu5,15,31,60,67,76
2022.08.27.,hu5,12,19,32,47,59
2022.08.20.,hu5,5,17,31,61,68
2022.08.13.,hu5,18,41,42,48,52
2022.08.06.,hu5,24,38,50,75,76
2022.07.30.,hu5,12,19,20,34,36
2022.07.23.,hu5,49,51,54,62,83
2022.07.16.,hu5,30,45,56,62,71
2022.07.09.,hu5,11,35,44,47,77
2022.07.02.,hu5,1,36,42,57,79
2022.06.25.,hu5,7,27,30,34,68
2022.06.18.,hu5,12,22,26,27,31
2022.06.11.,hu5,4,19,30,58,71
2022.06.04.,hu5,14,36,38,45,55
2022.05.28.,hu5,16,19,31,41,61
2022.05.21.,hu5,12,24,33,75,90
2022.05.14.,hu5,3,15,40,46,55
2022.05.07.,hu5,9,53,57,70,72
2022.04.30.,hu5,2,30,41,45,88
2022.04.23.,hu5,41,54,64,81,83
2022.04.16.,hu5,1,25,35,43,49
2022.04.09.,hu5,9,40,57,70,90
2022.04.02.,hu5,4,8,10,55,66
2022.03.26.,hu5,11,21,22,31,73
2022.03.19.,hu5,27,50,73,74,84
2022.03.12.,hu5,4,11,14,40,44
2022.03.05.,hu5,21,47,52,72,90
2022.02.26.,hu5,13,25,33,37,90
2022.02.19.,hu5,30,33,36,66,87
2022.02.12.,hu5,20,42,61,63,81
2022.02.05.,hu5,6,50,57,65,76
2022.01.29.,hu5,11,15,16,42,48
2022.01.22.,hu5,4,6,15,32,83
2022.01.15.,hu5,21,49,53,59,79
2022.01.08.,hu5,3,17,36,66,80
2022.01.01.,hu5,6,25,47,55,86
2021.12.25.,hu5,5,31,34,42,63
2021.12.18.,hu5,2,13,33,60,62
2021.12.11.,hu5,5,12,33,56,64
2021.12.04.,hu5,4,17,52,56,71
2021.11.27.,hu5,42,48,53,57,64
2021.11.20.,hu5,13,22,27,32,35
2021.11.13.,hu5,25,52,72,76,90
2021.11.06.,hu5,4,29,65,69,79
2021.10.30.,hu5,6,12,54,64,74
2021.10.23.,hu5,5,14,24,34,79
2021.10.16.,hu5,22,49,64,73,86
2021.10.09.,hu5,6,15,30,65,72
2021.10.02.,hu5,17,25,30,31,48
2021.09.25.,hu5,9,20,64,70,76
2021.09.18.,hu5,51,54,57,74,89
2021.09.11.,hu5,15,36,50,55,65
2021.09.04.,hu5,16,32,49,73,77
2021.08.28.,hu5,3,13,30,32,38
2021.08.21.,hu5,28,43,45,47,62
2021.08.14.,hu5,7,51,55,59,86
2021.08.07.,hu5,10,37,42,56,74
2021.07.31.,hu5,16,37,38,41,69
2021.07.24.,hu5,29,63,71,75,77
2021.07.17.,hu5,27,34,38,51,62
2021.07.10.,hu5,1,11,37,49,75
2021.07.03.,hu5,1,16,29,30,58
2021.06.26.,hu5,5,27,41,49,63
2021.06.19.,hu5,49,70,75,78,79
2021.06.12.,hu5,5,13,16,81,87
2021.06.05.,hu5,9,32,47,72,81
2021.05.29.,hu5,21,49,50,58,84
2021.05.22.,hu5,8,21,57,77,80
2021.05.15.,hu5,26,33,44,73,85
2021.05.08.,hu5,3,28,62,76,90
2021.05.01.,hu5,10,39,65,70,90
2021.04.24.,hu5,13,17,34,50,61
2021.04.17.,hu5,40,42,45,50,86
2021.04.10.,hu5,3,20,36,41,55
2021.04.03.,hu5,6,32,39,44,76
2021.03.27.,hu5,29,34,69,86,89
2021.03.20.,hu5,15,32,73,78,83
2021.03.13.,hu5,1,36,51,59,62
2021.03.06.,hu5,3,9,26,39,86
2021.02.27.,hu5,32,45,51,73,75
2021.02.20.,hu5,5,50,53,55,56
2021.02.13.,hu5,26,45,48,78,79
2021.02.06.,hu5,11,24,30,45,66
2021.01.30.,hu5,3,9,19,41,55
2021.01.23.,hu5,22,34,52,63,85
2021.01.16.,hu5,19,23,45,57,78
2021.01.09.,hu5,19,32,34,37,39
2021.01.02.,hu5,7,45,65,86,88
2020.12.26.,hu5,11,14,22,48,85
2020.12.19.,hu5,2,19,27,29,86
2020.12.12.,hu5,7,37,39,67,72
2020.12.05.,hu5,4,7,28,58,77
2020.11.28.,hu5,38,43,48,64,75
2020.11.21.,hu5,15,32,42,54,75
2020.11.14.,hu5,8,13,30,61,68
2020.11.07.,hu5,15,37,65,68,73
2020.10.31.,hu5,3,62,71,77,78
2020.10.24.,hu5,1,12,54,55,67
2020.10.17.,hu5,4,15,48,64,88
2020.10.10.,hu5,3,12,27,38,47
2020.10.03.,hu5,20,36,54,72,76
2020.09.26.,hu5,8,23,72,80,90
2020.09.19.,hu5,5,24,28,34,58
2020.09.12.,hu5,2,24,61,75,85
2020.09.05.,hu5,11,15,16,27,60
2020.08.29.,hu5,34,50,55,63,66
2020.08.22.,hu5,8,25,72,80,90
2020.08.15.,hu5,12,13,28,45,49
2020.08.08.,hu5,17,18,55,59,67
2020.08.01.,hu5,13,42,51,82,89
2020.07.25.,hu5,1,16,58,76,87
2020.07.18.,hu5,12,32,48,75,88
2020.07.11.,hu5,19,21,26,37,88
2020.07.04.,hu5,16,53,66,68,69
2020.06.27.,hu5,2,14,15,43,65
2020.06.20.,hu5,5,8,12,16,68
2020.06.13.,hu5,5,18,31,44,80
2020.06.06.,hu5,18,31,56,68,83
2020.05.30.,hu5,32,36,55,64,68
2020.05.23.,hu5,2,23,29,62,87
2020.05.16.,hu5,30,54,55,81,89
2020.05.09.,hu5,30,57,58,61,86
2020.05.02.,hu5,8,47,50,87,89
2020.04.25.,hu5,34,45,66,84,87
2020.04.18.,hu5,1,25,64,71,83
2020.04.11.,hu5,35,45,50,62,65
2020.04.04.,hu5,31,57,66,80,83
2020.03.28.,hu5,20,33,39,50,64
2020.03.21.,hu5,40,48,59,60,64
2020.03.14.,hu5,12,20,30,41,77
2020.03.07.,hu5,37,52,54,81,89
2020.02.29.,hu5,13,15,17,23,37
2020.02.22.,hu5,16,31,58,75,77
2020.02.15.,hu5,28,41,52,57,86
2020.02.08.,hu5,6,22,49,64,65
2020.02.01.,hu5,5,18,63,76,80
2020.01.25.,hu5,3,8,23,51,56
2020.01.18.,hu5,18,23,56,57,73
2020.01.11.,hu5,48,54,63,82,88
2020.01.04.,hu5,4,27,53,67,68
2019.12.28.,hu5,31,44,46,71,84
2019.12.21.,hu5,2,29,53,70,82
2019.12.14.,hu5,28,34,54,62,84
2019.12.07.,hu5,15,17,63,72,90
2019.11.30.,hu5,9,15,29,49,83
2019.11.23.,hu5,5,20,67,71,83
2019.11.16.,hu5,17,19,37,61,70
2019.11.09.,hu5,4,6,10,45,59
2019.11.02.,hu5,11,12,49,64,68
2019.10.26.,hu5,17,20,41,45,85
2019.10.19.,hu5,2,14,24,36,54
2019.10.12.,hu5,9,29,56,70,82
2019.10.05.,hu5,14,33,60,78,83
2019.09.28.,hu5,14,31,39,41,71
2019.09.21.,hu5,35,59,74,83,89
2019.09.14.,hu5,40,62,63,75,83
2019.09.07.,hu5,4,10,21,45,81
2019.08.31.,hu5,28,41,43,44,46
2019.08.24.,hu5,4,12,16,39,90
2019.08.17.,hu5,1,15,61,79,87
2019.08.10.,hu5,24,37,40,43,50
2019.08.03.,hu5,15,21,67,75,81
2019.07.27.,hu5,16,25,26,50,75
2019.07.20.,hu5,12,21,24,33,88
2019.07.13.,hu5,1,6,27,28,54
2019.07.06.,hu5,27,32,37,73,85
2019.06.29.,hu5,4,10,24,55,77
2019.06.22.,hu5,1,12,16,43,56
2019.06.15.,hu5,22,28,59,72,89
2019.06.08.,hu5,26,31,35,65,87
2019.06.01.,hu5,1,23,29,58,84
2019.05.25.,hu5,22,33,47,51,66
2019.05.18.,hu5,1,15,25,46,63
2019.05.11.,hu5,6,22,71,88,90
2019.05.04.,hu5,11,30,36,67,83
2019.04.27.,hu5,1,14,68,75,76
2019.04.20.,hu5,14,21,53,60,90
2019.04.13.,hu5,6,27,31,47,84
2019.04.06.,hu5,17,45,53,86,87
2019.03.30.,hu5,15,20,22,28,65
2019.03.23.,hu5,7,17,42,53,76
2019.03.16.,hu5,4,13,58,74,79
2019.03.09.,hu5,3,27,72,75,78
2019.03.02.,hu5,32,55,61,73,88
2019.02.23.,hu5,11,27,46,48,87
2019.02.16.,hu5,37,38,58,59,68
2019.02.09.,hu5,2,8,18,25,65
2019.02.02.,hu5,8,24,38,68,78
2019.01.26.,hu5,45,67,79,86,88
2019.01.19.,hu5,3,17,34,50,89
2019.01.12.,hu5,5,7,36,76,82
2019.01.05.,hu5,4,8,25,57,65
2018.12.29.,hu5,3,18,43,55,74
2018.12.22.,hu5,16,26,28,46,49
2018.12.15.,hu5,4,7,47,53,75
2018.12.08.,hu5,1,25,26,50,66
2018.12.01.,hu5,24,45,54,65,76
2018.11.24.,hu5,12,19,20,43,61
2018.11.17.,hu5,3,64,73,78,84
2018.11.10.,hu5,15,18,22,33,90
2018.11.03.,hu5,15,70,76,77,87
2018.10.27.,hu5,3,8,49,68,76
2018.10.20.,hu5,9,13,27,81,87
2018.10.13.,hu5,9,20,44,50,70
2018.10.06.,hu5,6,22,28,42,49
2018.09.29.,hu5,13,25,35,39,44
2018.09.22.,hu5,38,43,48,53,69
2018.09.15.,hu5,14,28,30,52,84
2018.09.08.,hu5,1,3,43,67,68
2018.09.01.,hu5,4,12,31,59,61
2018.08.25.,hu5,28,29,48,65,86
2018.08.18.,hu5,7,27,42,66,80
2018.08.11.,hu5,17,37,43,66,68
2018.08.04.,hu5,4,27,30,41,56
2018.07.28.,hu5,1,42,48,86,88
2018.07.21.,hu5,10,13,15,31,38
2018.07.14.,hu5,4,12,24,68,84
2018.07.07.,hu5,4,17,46,78,83
2018.06.30.,hu5,19,41,43,61,75
2018.06.23.,hu5,21,32,61,65,77
2018.06.16.,hu5,38,39,40,73,83
2018.06.09.,hu5,20,21,25,39,57
2018.06.02.,hu5,10,13,26,64,67
2018.05.26.,hu5,15,26,51,74,89
2018.05.19.,hu5,3,43,59,62,69
2018.05.12.,hu5,4,18,56,71,80
2018.05.05.,hu5,5,11,18,67,89
2018.04.28.,hu5,11,23,37,55,72
2018.04.21.,hu5,4,14,27,63,65
2018.04.14.,hu5,19,27,31,37,81
2018.04.07.,hu5,25,36,38,79,84
2018.03.31.,hu5,13,14,16,29,43
2018.03.24.,hu5,22,28,31,49,78
2018.03.17.,hu5,1,23,42,62,71
2018.03.10.,hu5,12,60,67,70,85
2018.03.03.,hu5,28,50,77,78,85
2018.02.24.,hu5,9,11,32,40,55
2018.02.17.,hu5,10,32,42,43,46
2018.02.10.,hu5,59,64,67,73,74
2018.02.03.,hu5,3,20,53,79,88
2018.01.27.,hu5,39,40,68,72,73
2018.01.20.,hu5,1,5,34,45,46
2018.01.13.,hu5,15,45,62,78,79
2018.01.06.,hu5,17,24,37,49,82
2017.12.30.,hu5,1,8,17,50,77
2017.12.23.,hu5,55,67,70,71,73
2017.12.16.,hu5,1,4,31,40,83
2017.12.09.,hu5,16,39,42,45,78
2017.12.02.,hu5,1,3,23,58,70
2017.11.25.,hu5,1,20,26,54,55
2017.11.18.,hu5,1,16,47,61,75
2017.11.11.,hu5,5,18,47,61,85
2017.11.04.,hu5,18,22,50,54,79
2017.10.28.,hu5,15,41,50,71,76
2017.10.21.,hu5,5,32,47,62,88
2017.10.14.,hu5,1,21,35,42,90
2017.10.07.,hu5,8,38,62,69,70
2017.09.30.,hu5,10,18,83,87,89
2017.09.23.,hu5,14,58,59,78,85
2017.09.16.,hu5,34,43,51,67,80
2017.09.09.,hu5,18,23,54,63,82
2017.09.02.,hu5,27,31,47,87,89
2017.08.26.,hu5,34,36,59,69,90
2017.08.19.,hu5,3,7,19,39,50
2017.08.12.,hu5,21,33,68,75,89
2017.08.05.,hu5,7,8,25,29,76
2017.07.29.,hu5,39,46,47,78,85
2017.07.22.,hu5,22,30,35,61,71
2017.07.15.,hu5,1,9,25,73,89
2017.07.08.,hu5,33,54,66,68,72
2017.07.01.,hu5,7,31,34,55,60
2017.06.24.,hu5,5,9,52,59,85
2017.06.17.,hu5,21,43,62,66,84
2017.06.10.,hu5,6,44,46,55,81
2017.06.03.,hu5,21,53,59,71,86
2017.05.27.,hu5,15,24,35,53,71
2017.05.20.,hu5,48,56,58,65,70
2017.05.13.,hu5,5,34,45,54,55
2017.05.06.,hu5,6,7,46,65,88
2017.04.29.,hu5,5,31,41,44,63
2017.04.22.,hu5,47,48,56,67,90
2017.04.15.,hu5,58,59,71,85,89
2017.04.08.,hu5,14,43,49,76,85
2017.04.01.,hu5,7,12,32,38,82
2017.03.25.,hu5,2,3,35,41,79
2017.03.18.,hu5,1,4,59,65,85
2017.03.11.,hu5,1,4,40,49,67
2017.03.04.,hu5,3,28,37,44,46
2017.02.25.,hu5,10,12,13,64,79
2017.02.18.,hu5,51,61,64,74,79
2017.02.11.,hu5,3,5,13,62,87
2017.02.04.,hu5,4,39,49,60,62
2017.01.28.,hu5,3,19,64,66,77
2017.01.21.,hu5,17,20,59,78,81
2017.01.14.,hu5,3,6,67,72,76
2017.01.07.,hu5,9,11,43,57,88
2017.01.01.,hu5,25,42,45,52,86
2016.12.23.,hu5,8,35,60,67,84
2016.12.17.,hu5,26,27,30,73,85
2016.12.10.,hu5,10,14,25,51,71
2016.12.03.,hu5,7,63,69,76,85
2016.11.26.,hu5,33,43,58,60,77
2016.11.19.,hu5,8,9,19,37,43
2016.11.12.,hu5,1,11,45,67,78
2016.11.05.,hu5,7,53,65,73,87
2016.10.29.,hu5,53,55,67,79,80
2016.10.22.,hu5,14,34,43,52,78
2016.10.15.,hu5,17,22,47,73,90
2016.10.08.,hu5,23,36,38,57,76
2016.10.01.,hu5,1,23,37,49,60
2016.09.24.,hu5,8,29,59,77,89
2016.09.17.,hu5,1,9,17,18,89
2016.09.10.,hu5,9,16,78,83,86
2016.09.03.,hu5,4,13,47,76,78
2016.08.27.,hu5,22,29,53,62,74
2016.08.20.,hu5,39,41,46,47,60
2016.08.13.,hu5,13,14,21,34,84
2016.08.06.,hu5,15,24,27,29,40
2016.07.30.,hu5,16,55,60,67,76
2016.07.23.,hu5,32,43,60,74,79
2016.07.16.,hu5,10,42,60,78,82
2016.07.09.,hu5,40,47,52,57,83
2016.07.02.,hu5,1,9,11,19,41
2016.06.25.,hu5,29,54,63,78,83
2016.06.18.,hu5,2,39,69,72,74
2016.06.11.,hu5,3,7,32,41,58
2016.06.04.,hu5,22,42,62,82,84
2016.05.28.,hu5,4,27,41,72,88
2016.05.21.,hu5,9,10,36,50,78
2016.05.14.,hu5,6,18,51,59,64
2016.05.07.,hu5,22,24,43,64,90
2016.04.30.,hu5,43,45,56,66,82
2016.04.23.,hu5,24,36,44,63,68
2016.04.16.,hu5,8,33,57,62,66
2016.04.09.,hu5,5,22,25,67,87
2016.04.02.,hu5,1,23,27,42,84
2016.03.26.,hu5,16,38,54,84,90
2016.03.19.,hu5,15,36,45,58,72
2016.03.12.,hu5,28,30,35,56,84
2016.03.05.,hu5,38,39,52,79,85
2016.02.27.,hu5,27,35,51,57,59
2016.02.20.,hu5,24,43,44,48,58
2016.02.13.,hu5,11,15,23,43,87
2016.02.06.,hu5,11,15,26,39,78
2016.01.30.,hu5,48,55,62,69,80
2016.01.23.,hu5,11,27,55,68,80
2016.01.16.,hu5,7,18,53,54,85
2016.01.09.,hu5,3,50,52,59,74
2016.01.02.,hu5,27,30,35,56,68
2015.12.26.,hu5,3,9,38,42,85
2015.12.19.,hu5,15,21,78,87,89
2015.12.12.,hu5,34,38,45,62,90
2015.12.05.,hu5,22,24,35,63,68
2015.11.28.,hu5,9,50,72,76,89
2015.11.21.,hu5,31,53,57,60,83
2015.11.14.,hu5,10,25,38,46,50
2015.11.07.,hu5,41,45,51,54,86
2015.10.31.,hu5,18,24,30,43,79
2015.10.24.,hu5,2,18,45,51,70
2015.10.17.,hu5,2,5,17,24,72
2015.10.10.,hu5,14,54,60,78,81
2015.10.03.,hu5,5,10,23,51,58
2015.09.26.,hu5,10,57,70,75,87
2015.09.19.,hu5,4,38,42,64,74
2015.09.12.,hu5,8,50,69,72,87
2015.09.05.,hu5,20,26,38,41,58
2015.08.29.,hu5,1,19,70,80,81
2015.08.22.,hu5,17,20,32,76,84
2015.08.15.,hu5,2,13,67,70,86
2015.08.08.,hu5,33,52,67,77,87
2015.08.01.,hu5,3,32,50,59,65
2015.07.25.,hu5,3,34,46,62,79
2015.07.18.,hu5,2,5,37,57,67
2015.07.11.,hu5,10,18,26,36,38
2015.07.04.,hu5,1,48,61,62,79
2015.06.27.,hu5,19,30,43,58,69
2015.06.20.,hu5,27,29,47,59,89
2015.06.13.,hu5,3,26,28,42,49
2015.06.06.,hu5,15,16,36,60,70
2015.05.30.,hu5,18,55,56,83,90
2015.05.23.,hu5,12,25,30,46,51
2015.05.16.,hu5,1,19,20,27,34
2015.05.09.,hu5,18,37,44,52,76
2015.05.02.,hu5,8,65,67,69,82
2015.04.25.,hu5,2,50,55,65,84
2015.04.18.,hu5,25,56,57,81,86
2015.04.11.,hu5,21,23,29,46,48
2015.04.04.,hu5,2,33,38,70,77
2015.03.28.,hu5,6,18,35,74,90
2015.03.21.,hu5,18,31,36,52,59
2015.03.14.,hu5,11,41,42,45,77
2015.03.07.,hu5,13,17,19,46,60
2015.02.28.,hu5,18,19,22,62,67
2015.02.21.,hu5,1,45,64,73,86
2015.02.14.,hu5,18,31,46,49,85
2015.02.07.,hu5,18,27,52,57,73
2015.01.31.,hu5,27,35,42,55,71
2015.01.24.,hu5,3,50,55,57,58
2015.01.17.,hu5,63,68,69,75,86
2015.01.10.,hu5,5,19,23,25,67
2015.01.03.,hu5,46,54,55,70,85
2014.12.27.,hu5,10,11,29,35,48
2014.12.20.,hu5,6,7,40,57,67
2014.12.13.,hu5,3,4,55,56,69
2014.12.06.,hu5,7,19,23,44,66
2014.11.29.,hu5,37,45,59,65,76
2014.11.22.,hu5,25,38,43,57,72
2014.11.15.,hu5,9,19,57,61,62
2014.11.08.,hu5,14,30,51,62,78
2014.11.01.,hu5,37,62,66,85,90
2014.10.25.,hu5,27,49,72,79,81
2014.10.18.,hu5,10,17,61,63,73
2014.10.11.,hu5,4,31,38,75,89
2014.10.04.,hu5,8,14,19,30,34
2014.09.27.,hu5,27,32,36,39,57
2014.09.20.,hu5,2,7,12,25,76
2014.09.13.,hu5,7,39,40,58,68
2014.09.06.,hu5,3,16,27,45,81
2014.08.30.,hu5,19,53,60,66,67
2014.08.23.,hu5,24,36,63,70,84
2014.08.16.,hu5,6,52,57,68,86
2014.08.09.,hu5,20,28,47,51,71
2014.08.02.,hu5,23,60,76,84,86
2014.07.26.,hu5,6,15,22,33,44
2014.07.19.,hu5,13,21,44,47,52
2014.07.12.,hu5,13,47,68,70,86
2014.07.05.,hu5,45,52,59,69,81
2014.06.28.,hu5,12,26,65,66,83
2014.06.21.,hu5,3,35,37,43,52
2014.06.14.,hu5,1,11,19,31,37
2014.06.07.,hu5,2,3,32,59,73
2014.05.31.,hu5,16,27,45,53,70
2014.05.24.,hu5,30,55,59,71,80
2014.05.17.,hu5,2,27,28,32,90
2014.05.10.,hu5,12,38,45,66,76
2014.05.03.,hu5,4,7,19,58,63
2014.04.26.,hu5,11,16,39,49,74
2014.04.19.,hu5,29,40,46,72,90
2014.04.12.,hu5,5,20,22,49,70
2014.04.05.,hu5,4,20,28,40,53
2014.03.29.,hu5,19,20,30,43,65
2014.03.22.,hu5,23,26,27,86,87
2014.03.15.,hu5,5,10,54,59,80
2014.03.08.,hu5,3,26,31,46,66
2014.03.01.,hu5,3,59,63,66,84
2014.02.22.,hu5,40,44,62,75,84
2014.02.15.,hu5,2,10,39,44,68
2014.02.08.,hu5,15,39,42,52,55
2014.02.01.,hu5,23,32,37,62,79
2014.01.25.,hu5,15,18,19,29,39
2014.01.18.,hu5,38,43,48,57,74
2014.01.11.,hu5,1,12,42,71,85
2014.01.04.,hu5,24,42,46,47,81
2013.12.28.,hu5,8,14,24,32,54
2013.12.21.,hu5,5,15,38,51,76
2013.12.14.,hu5,43,50,66,78,80
2013.12.07.,hu5,8,24,51,86,87
2013.11.30.,hu5,12,30,51,66,73
2013.11.23.,hu5,11,14,37,57,58
2013.11.16.,hu5,6,13,34,39,51
2013.11.09.,hu5,11,59,61,74,80
2013.11.02.,hu5,20,43,44,46,55
2013.10.26.,hu5,7,31,36,48,66
2013.10.19.,hu5,9,17,69,72,85
2013.10.12.,hu5,30,31,35,43,54
2013.10.05.,hu5,7,25,34,37,46
2013.09.28.,hu5,5,31,64,76,86
2013.09.21.,hu5,17,21,70,77,83
2013.09.14.,hu5,1,15,48,53,62
2013.09.07.,hu5,26,66,77,82,87
2013.08.31.,hu5,15,24,48,59,65
2013.08.24.,hu5,10,12,22,39,68
2013.08.17.,hu5,12,25,31,56,57
2013.08.10.,hu5,42,44,49,70,78
2013.08.03.,hu5,30,31,39,78,83
2013.07.27.,hu5,22,59,62,80,90
2013.07.20.,hu5,16,30,32,49,73
2013.07.13.,hu5,2,13,15,36,69
2013.07.06.,hu5,55,68,76,78,81
2013.06.29.,hu5,14,27,64,70,85
2013.06.22.,hu5,8,12,38,45,85
2013.06.15.,hu5,13,15,30,31,41
2013.06.08.,hu5,13,26,42,79,84
2013.06.01.,hu5,9,30,39,52,75
2013.05.25.,hu5,13,50,53,59,70
2013.05.18.,hu5,23,26,33,53,60
2013.05.11.,hu5,12,37,62,82,83
2013.05.04.,hu5,25,39,45,54,65
2013.04.27.,hu5,20,23,39,70,78
2013.04.20.,hu5,18,33,53,75,89
2013.04.13.,hu5,26,39,40,52,53
2013.04.06.,hu5,1,30,37,55,82
2013.03.30.,hu5,3,45,56,57,86
2013.03.23.,hu5,1,15,45,68,70
2013.03.16.,hu5,2,12,23,57,78
2013.03.09.,hu5,6,18,26,76,77
2013.03.02.,hu5,6,15,23,43,68
2013.02.23.,hu5,2,3,47,61,67
2013.02.16.,hu5,3,19,41,55,61
2013.02.09.,hu5,1,31,55,77,88
2013.02.02.,hu5,7,14,19,37,44
2013.01.26.,hu5,21,33,43,56,79
2013.01.19.,hu5,4,20,24,36,39
2013.01.12.,hu5,4,12,31,75,85
2013.01.05.,hu5,28,47,58,72,75
2012.12.29.,hu5,34,41,56,59,61
2012.12.22.,hu5,5,15,32,52,83
2012.12.15.,hu5,5,16,70,82,85
2012.12.08.,hu5,20,31,34,69,84
2012.12.01.,hu5,15,33,56,60,76
2012.11.24.,hu5,20,26,59,72,75
2012.11.17.,hu5,16,24,40,64,73
2012.11.10.,hu5,9,16,49,54,68
2012.11.03.,hu5,3,15,19,63,89
2012.10.27.,hu5,15,18,37,48,72
2012.10.20.,hu5,47,51,53,57,63
2012.10.13.,hu5,6,23,41,81,85
2012.10.06.,hu5,18,28,29,33,59
2012.09.29.,hu5,2,12,29,68,86
2012.09.22.,hu5,28,38,52,56,65
2012.09.15.,hu5,39,62,73,83,90
2012.09.08.,hu5,1,7,30,44,69
2012.09.01.,hu5,24,75,83,84,85
2012.08.25.,hu5,7,26,37,81,88
2012.08.18.,hu5,11,42,53,64,66
2012.08.11.,hu5,16,23,26,74,75
2012.08.04.,hu5,16,22,28,40,54
2012.07.28.,hu5,7,33,35,83,89
2012.07.21.,hu5,19,43,46,47,52
2012.07.14.,hu5,20,44,52,65,83
2012.07.07.,hu5,17,29,74,76,82
2012.06.30.,hu5,11,12,31,49,58
2012.06.23.,hu5,19,24,47,60,88
2012.06.16.,hu5,19,26,53,60,89
2012.06.09.,hu5,14,21,22,58,64
2012.06.02.,hu5,18,20,30,42,51
2012.05.26.,hu5,23,30,45,56,71
2012.05.19.,hu5,11,36,43,63,66
2012.05.12.,hu5,1,25,27,69,81
2012.05.05.,hu5,21,36,68,69,87
2012.04.28.,hu5,1,6,23,46,50
2012.04.21.,hu5,24,25,43,60,85
2012.04.14.,hu5,1,23,39,50,65
2012.04.07.,hu5,35,75,80,84,86
2012.03.31.,hu5,15,17,68,71,89
2012.03.24.,hu5,5,44,63,73,83
2012.03.17.,hu5,39,45,57,77,81
2012.03.10.,hu5,45,67,69,76,88
2012.03.03.,hu5,2,18,43,48,53
2012.02.25.,hu5,7,18,59,60,65
2012.02.18.,hu5,3,29,66,79,83
2012.02.11.,hu5,40,54,60,64,65
2012.02.04.,hu5,4,15,24,78,82
2012.01.28.,hu5,7,21,48,55,82
2012.01.21.,hu5,10,30,44,65,66
2012.01.14.,hu5,12,41,59,61,66
2012.01.07.,hu5,45,56,65,81,83
2012.01.01.,hu5,19,32,36,52,76
2011.12.25.,hu5,12,18,25,40,67
2011.12.17.,hu5,2,4,61,62,89
2011.12.10.,hu5,4,24,32,46,84
2011.12.03.,hu5,9,18,45,57,71
2011.11.26.,hu5,2,6,34,35,76
2011.11.19.,hu5,4,34,48,66,83
2011.11.12.,hu5,6,11,40,47,86
2011.11.05.,hu5,6,26,27,33,75
2011.10.29.,hu5,4,26,67,68,71
2011.10.22.,hu5,24,37,39,48,74
2011.10.15.,hu5,1,4,40,57,70
2011.10.08.,hu5,33,59,63,76,84
2011.10.01.,hu5,4,22,32,33,35
2011.09.24.,hu5,3,20,27,42,51
2011.09.17.,hu5,16,50,74,76,78
2011.09.10.,hu5,35,57,74,84,87
2011.09.03.,hu5,7,10,56,58,84
2011.08.27.,hu5,35,59,78,85,88
2011.08.20.,hu5,23,65,75,84,88
2011.08.13.,hu5,20,56,63,68,84
2011.08.06.,hu5,7,14,50,68,90
2011.07.30.,hu5,28,50,64,79,82
2011.07.23.,hu5,28,55,57,82,83
2011.07.16.,hu5,4,20,43,52,85
2011.07.09.,hu5,37,50,65,87,89
2011.07.02.,hu5,2,22,36,60,76
2011.06.25.,hu5,15,52,55,71,83
2011.06.18.,hu5,15,20,37,42,51
2011.06.11.,hu5,11,42,45,63,76
2011.06.04.,hu5,2,13,72,83,84
2011.05.28.,hu5,9,33,42,68,74
2011.05.21.,hu5,8,10,51,59,74
2011.05.14.,hu5,22,29,40,48,86
2011.05.07.,hu5,6,22,23,47,84
2011.04.30.,hu5,26,39,41,84,88
2011.04.23.,hu5,1,19,34,51,67
2011.04.16.,hu5,35,60,74,77,84
2011.04.09.,hu5,2,34,66,77,82
2011.04.02.,hu5,24,29,53,71,72
2011.03.26.,hu5,40,54,73,81,85
2011.03.19.,hu5,18,41,42,52,89
2011.03.12.,hu5,17,31,32,53,72
2011.03.05.,hu5,1,56,69,75,76
2011.02.26.,hu5,5,22,51,70,72
2011.02.19.,hu5,15,38,66,70,76
2011.02.12.,hu5,5,15,36,73,75
2011.02.05.,hu5,1,2,18,58,74
2011.01.29.,hu5,12,21,33,57,59
2011.01.22.,hu5,26,39,70,71,82
2011.01.15.,hu5,3,10,48,61,76
2011.01.08.,hu5,5,30,55,70,85
2011.01.01.,hu5,4,8,31,81,83
2010.12.25.,hu5,4,17,70,71,75
2010.12.18.,hu5,11,30,63,66,84
2010.12.11.,hu5,4,28,38,69,72
2010.12.04.,hu5,37,45,48,52,74
2010.11.27.,hu5,2,60,66,73,84
2010.11.20.,hu5,24,26,39,40,78
2010.11.13.,hu5,1,15,22,50,80
2010.11.06.,hu5,15,41,43,45,89
2010.10.30.,hu5,6,28,38,49,69
2010.10.23.,hu5,12,23,30,33,61
2010.10.16.,hu5,2,8,38,44,50
2010.10.09.,hu5,10,29,62,74,83
2010.10.02.,hu5,13,19,31,53,73
2010.09.25.,hu5,26,30,36,41,81
2010.09.18.,hu5,1,7,14,35,43
2010.09.11.,hu5,25,32,36,43,63
2010.09.04.,hu5,15,37,46,55,59
2010.08.28.,hu5,3,11,16,22,87
2010.08.21.,hu5,13,19,26,53,73
2010.08.14.,hu5,39,42,47,81,89
2010.08.07.,hu5,2,9,11,37,46
2010.07.31.,hu5,1,3,38,63,72
2010.07.24.,hu5,11,23,32,66,73
2010.07.17.,hu5,25,49,76,78,85
2010.07.10.,hu5,3,53,73,76,89
2010.07.03.,hu5,14,17,21,28,50
2010.06.26.,hu5,11,18,26,67,83
2010.06.19.,hu5,4,44,65,73,89
2010.06.12.,hu5,31,46,70,74,78
2010.06.05.,hu5,9,18,76,85,90
2010.05.29.,hu5,17,19,29,36,78
2010.05.22.,hu5,4,6,52,77,78
2010.05.15.,hu5,15,37,51,83,86
2010.05.08.,hu5,2,30,50,72,84
2010.05.01.,hu5,24,52,58,61,78
2010.04.24.,hu5,1,10,42,55,73
2010.04.17.,hu5,18,36,49,64,80
2010.04.10.,hu5,18,23,45,53,64
2010.04.03.,hu5,28,38,55,68,82
2010.03.27.,hu5,8,22,53,63,71
2010.03.20.,hu5,10,61,71,77,83
2010.03.13.,hu5,1,29,50,55,70
2010.03.06.,hu5,20,24,61,86,90
2010.02.27.,hu5,9,24,54,79,82
2010.02.20.,hu5,4,9,29,64,65
2010.02.13.,hu5,13,26,27,30,45
2010.02.06.,hu5,12,38,39,57,79
2010.01.30.,hu5,3,16,31,52,53
2010.01.23.,hu5,8,9,54,69,87
2010.01.16.,hu5,25,35,42,57,87
2010.01.09.,hu5,13,17,42,43,46
2010.01.02.,hu5,5,42,46,71,81
2009.12.26.,hu5,4,22,68,72,82
2009.12.19.,hu5,6,28,33,41,45
2009.12.12.,hu5,3,25,48,55,80
2009.12.05.,hu5,21,38,46,61,65
2009.11.28.,hu5,15,19,45,63,68
2009.11.21.,hu5,60,73,75,82,86
2009.11.14.,hu5,55,61,63,86,90
2009.11.07.,hu5,6,32,57,66,77
2009.10.31.,hu5,5,35,47,66,78
2009.10.24.,hu5,18,19,54,57,84
2009.10.17.,hu5,4,27,29,62,72
2009.10.10.,hu5,15,28,51,52,73
2009.10.03.,hu5,1,6,8,59,71
2009.09.26.,hu5,16,24,33,54,84
2009.09.19.,hu5,9,16,26,73,75
2009.09.12.,hu5,1,11,21,29,81
2009.09.05.,hu5,9,14,15,26,45
2009.08.29.,hu5,9,12,35,56,58
2009.08.22.,hu5,11,34,41,56,69
2009.08.15.,hu5,4,43,61,77,80
2009.08.08.,hu5,1,2,16,51,90
2009.08.01.,hu5,15,23,41,67,73
2009.07.25.,hu5,25,29,48,66,89
2009.07.18.,hu5,1,6,20,33,38
2009.07.11.,hu5,4,28,58,59,85
2009.07.04.,hu5,2,54,66,78,81
2009.06.27.,hu5,4,9,13,32,70
2009.06.20.,hu5,3,4,32,83,90
2009.06.13.,hu5,1,7,17,40,81
2009.06.06.,hu5,31,37,66,73,77
2009.05.30.,hu5,25,66,76,77,90
2009.05.23.,hu5,1,13,33,46,54
2009.05.16.,hu5,2,38,44,61,76
2009.05.09.,hu5,27,33,38,71,81
2009.05.02.,hu5,10,16,29,34,42
2009.04.25.,hu5,20,43,53,54,58
2009.04.19.,hu5,17,21,57,62,71
2009.04.11.,hu5,4,7,31,54,57
2009.04.04.,hu5,7,11,15,66,79
2009.03.28.,hu5,14,32,53,70,86
2009.03.21.,hu5,20,44,52,74,85
2009.03.14.,hu5,26,31,33,36,37
2009.03.07.,hu5,11,25,57,79,86
2009.02.28.,hu5,7,22,79,86,88
2009.02.21.,hu5,5,19,26,62,64
2009.02.14.,hu5,4,16,22,39,69
2009.02.07.,hu5,18,22,29,47,51
2009.01.31.,hu5,27,43,53,74,75
2009.01.24.,hu5,2,29,31,43,85
2009.01.17.,hu5,16,43,48,76,86
2009.01.10.,hu5,4,41,56,84,85
2009.01.03.,hu5,9,12,36,51,60
2008.12.27.,hu5,26,34,66,67,83
2008.12.20.,hu5,1,23,24,39,62
2008.12.13.,hu5,1,15,43,44,51
2008.12.06.,hu5,11,24,31,60,84
2008.11.29.,hu5,10,13,28,52,65
2008.11.22.,hu5,9,13,16,39,67
2008.11.15.,hu5,9,13,29,33,64
2008.11.08.,hu5,9,22,24,49,88
2008.11.01.,hu5,2,9,39,69,75
2008.10.25.,hu5,5,14,36,46,54
2008.10.18.,hu5,31,52,55,59,62
2008.10.11.,hu5,11,27,69,72,77
2008.10.04.,hu5,1,25,38,71,74
2008.09.27.,hu5,33,45,57,73,88
2008.09.20.,hu5,22,31,53,67,84
2008.09.13.,hu5,34,41,61,76,84
2008.09.06.,hu5,22,23,31,42,73
2008.08.30.,hu5,3,40,57,75,83
2008.08.23.,hu5,11,20,44,46,88
2008.08.16.,hu5,7,16,33,65,78
2008.08.09.,hu5,1,33,42,65,70
2008.08.02.,hu5,2,38,40,50,84
2008.07.26.,hu5,32,37,48,70,87
2008.07.19.,hu5,14,24,64,74,81
2008.07.12.,hu5,2,23,26,27,50
2008.07.05.,hu5,20,27,63,81,82
2008.06.28.,hu5,4,7,56,71,83
2008.06.21.,hu5,5,16,30,50,55
2008.06.14.,hu5,3,15,16,56,89
2008.06.07.,hu5,27,33,39,65,83
2008.05.31.,hu5,4,8,18,86,89
2008.05.24.,hu5,3,11,28,43,75
2008.05.17.,hu5,53,57,62,82,90
2008.05.10.,hu5,4,44,47,63,89
2008.05.03.,hu5,10,53,54,65,71
2008.04.26.,hu5,7,8,24,56,85
2008.04.19.,hu5,11,36,38,79,89
2008.04.12.,hu5,29,55,64,77,87
2008.04.05.,hu5,16,51,69,78,87
2008.03.29.,hu5,10,14,28,35,41
2008.03.22.,hu5,9,29,57,69,74
2008.03.15.,hu5,10,34,42,66,85
2008.03.08.,hu5,10,23,29,58,65
2008.03.01.,hu5,11,13,49,57,60
2008.02.23.,hu5,12,27,44,52,57
2008.02.16.,hu5,2,24,26,34,88
2008.02.09.,hu5,14,16,28,46,58
2008.02.02.,hu5,3,18,20,71,81
2008.01.26.,hu5,10,23,61,68,72
2008.01.19.,hu5,5,24,59,62,86
2008.01.12.,hu5,18,42,45,72,80
2008.01.05.,hu5,4,14,27,38,41
2007.12.29.,hu5,9,12,15,49,66
2007.12.22.,hu5,15,17,34,80,90
2007.12.15.,hu5,11,13,18,39,76
2007.12.08.,hu5,40,50,70,73,89
2007.12.01.,hu5,6,27,60,71,82
2007.11.24.,hu5,4,21,26,71,83
2007.11.17.,hu5,9,34,50,63,90
2007.11.10.,hu5,1,15,26,55,59
2007.11.03.,hu5,15,22,23,70,88
2007.10.27.,hu5,28,34,36,42,86
2007.10.20.,hu5,25,30,40,55,74
2007.10.13.,hu5,11,21,32,84,85
2007.10.06.,hu5,1,18,30,69,90
2007.09.29.,hu5,25,38,51,55,85
2007.09.22.,hu5,27,37,39,57,66
2007.09.15.,hu5,9,35,42,87,88
2007.09.08.,hu5,2,4,17,25,41
2007.09.01.,hu5,3,11,24,35,77
2007.08.25.,hu5,17,26,57,59,78
2007.08.18.,hu5,28,30,35,46,83
2007.08.11.,hu5,1,3,47,76,78
2007.08.04.,hu5,40,46,63,71,77
2007.07.28.,hu5,13,14,39,81,87
2007.07.21.,hu5,20,41,44,68,71
2007.07.14.,hu5,24,56,73,89,90
2007.07.07.,hu5,21,24,26,35,71
2007.06.30.,hu5,9,62,69,83,90
2007.06.23.,hu5,10,16,25,36,56
2007.06.16.,hu5,19,29,47,54,83
2007.06.09.,hu5,31,44,71,73,82
2007.06.02.,hu5,11,24,42,59,78
2007.05.26.,hu5,1,6,18,35,79
2007.05.19.,hu5,46,65,75,84,85
2007.05.12.,hu5,52,54,72,77,83
2007.05.05.,hu5,9,14,21,55,77
2007.04.28.,hu5,21,41,45,49,63
2007.04.21.,hu5,3,10,14,30,63
2007.04.14.,hu5,14,30,47,58,77
2007.04.07.,hu5,14,20,30,55,75
2007.03.31.,hu5,7,49,63,64,72
2007.03.24.,hu5,13,49,66,75,79
2007.03.17.,hu5,22,39,49,60,70
2007.03.10.,hu5,11,24,38,39,81
2007.03.03.,hu5,18,36,65,79,89
2007.02.24.,hu5,8,13,39,43,63
2007.02.17.,hu5,16,22,62,79,90
2007.02.10.,hu5,1,8,34,74,86
2007.02.03.,hu5,14,23,72,85,86
2007.01.27.,hu5,2,32,47,61,67
2007.01.20.,hu5,16,43,56,57,86
2007.01.13.,hu5,45,54,79,81,82
2007.01.06.,hu5,27,36,37,55,57
2006.12.30.,hu5,5,21,35,62,76
2006.12.23.,hu5,52,54,65,72,88
2006.12.16.,hu5,14,41,48,50,52
2006.12.10.,hu5,4,27,29,74,85
2006.12.02.,hu5,20,25,31,60,79
2006.11.25.,hu5,5,13,21,27,81
2006.11.18.,hu5,14,27,40,52,74
2006.11.11.,hu5,25,42,48,73,87
2006.11.05.,hu5,15,17,37,48,57
2006.10.28.,hu5,5,24,30,44,57
2006.10.21.,hu5,1,6,14,18,88
2006.10.14.,hu5,3,39,40,82,83
2006.10.07.,hu5,25,38,40,55,76
2006.09.30.,hu5,11,12,35,61,76
2006.09.23.,hu5,13,37,51,59,61
2006.09.16.,hu5,19,21,42,73,87
2006.09.09.,hu5,4,12,45,65,66
2006.09.02.,hu5,17,38,39,55,85
2006.08.26.,hu5,16,35,54,65,68
2006.08.19.,hu5,17,18,66,73,90
2006.08.12.,hu5,15,22,63,81,89
2006.08.05.,hu5,13,16,46,65,69
2006.07.29.,hu5,34,45,76,77,83
2006.07.22.,hu5,36,44,47,83,89
2006.07.15.,hu5,2,15,29,73,75
2006.07.08.,hu5,4,17,19,53,61
2006.07.01.,hu5,11,62,69,74,90
2006.06.24.,hu5,38,49,73,78,83
2006.06.17.,hu5,11,17,69,71,80
2006.06.10.,hu5,1,29,34,73,88
2006.06.03.,hu5,15,28,35,65,73
2006.05.27.,hu5,9,22,55,70,79
2006.05.20.,hu5,10,24,51,57,76
2006.05.13.,hu5,12,22,28,56,60
2006.05.06.,hu5,15,23,34,44,67
2006.04.29.,hu5,8,11,13,21,43
2006.04.22.,hu5,3,10,66,69,82
2006.04.15.,hu5,24,28,34,49,56
2006.04.08.,hu5,9,29,38,80,86
2006.04.01.,hu5,8,46,56,79,84
2006.03.25.,hu5,13,35,61,64,66
2006.03.18.,hu5,50,53,63,79,86
2006.03.11.,hu5,9,33,61,72,90
2006.03.04.,hu5,44,71,73,76,84
2006.02.25.,hu5,3,7,8,16,59
2006.02.18.,hu5,19,27,40,80,87
2006.02.11.,hu5,52,55,56,64,81
2006.02.04.,hu5,21,45,52,69,83
2006.01.28.,hu5,13,63,65,66,74
2006.01.21.,hu5,1,33,49,56,69
2006.01.14.,hu5,35,36,42,47,60
2006.01.07.,hu5,5,19,21,44,69
2006.01.01.,hu5,13,35,39,42,58
2005.12.25.,hu5,6,19,31,72,81
2005.12.17.,hu5,3,18,19,60,79
2005.12.10.,hu5,7,11,16,50,86
2005.12.03.,hu5,38,45,56,63,78
2005.11.26.,hu5,5,30,72,87,88
2005.11.19.,hu5,5,14,15,56,79
2005.11.12.,hu5,36,40,52,79,80
2005.11.05.,hu5,15,22,28,41,57
2005.10.29.,hu5,33,37,40,51,52
2005.10.22.,hu5,4,51,66,74,83
2005.10.15.,hu5,34,44,55,62,75
2005.10.08.,hu5,3,19,50,59,70
2005.10.01.,hu5,31,44,55,67,73
2005.09.24.,hu5,8,36,44,55,76
2005.09.17.,hu5,3,33,53,60,61
2005.09.10.,hu5,4,16,22,48,88
2005.09.03.,hu5,17,18,40,42,58
2005.08.27.,hu5,4,32,34,36,78
2005.08.20.,hu5,22,32,51,75,83
2005.08.13.,hu5,2,9,28,30,78
2005.08.06.,hu5,3,31,39,73,81
2005.07.30.,hu5,6,15,36,38,75
2005.07.23.,hu5,11,12,28,64,81
2005.07.16.,hu5,4,10,37,42,51
2005.07.09.,hu5,12,17,45,59,75
2005.07.02.,hu5,17,24,47,68,84
2005.06.25.,hu5,7,24,36,57,70
2005.06.18.,hu5,18,35,56,88,90
2005.06.11.,hu5,4,29,33,44,73
2005.06.04.,hu5,27,36,57,71,86
2005.05.28.,hu5,7,8,69,80,84
2005.05.21.,hu5,14,16,32,53,54
2005.05.14.,hu5,1,6,62,72,75
2005.05.07.,hu5,41,50,80,83,85
2005.04.30.,hu5,41,47,77,82,84
2005.04.23.,hu5,3,4,25,29,65
2005.04.16.,hu5,37,50,69,77,81
2005.04.09.,hu5,9,27,59,72,74
2005.04.02.,hu5,16,20,41,59,60
2005.03.26.,hu5,2,19,63,72,82
2005.03.19.,hu5,21,29,58,62,71
2005.03.12.,hu5,2,16,36,37,72
2005.03.05.,hu5,19,37,49,86,89
2005.02.26.,hu5,8,27,28,33,58
2005.02.19.,hu5,9,20,47,50,78
2005.02.12.,hu5,14,30,32,37,67
2005.02.05.,hu5,31,32,54,76,89
2005.01.29.,hu5,2,8,37,38,54
2005.01.22.,hu5,30,33,40,55,88
2005.01.15.,hu5,22,66,67,87,89
2005.01.08.,hu5,30,42,60,75,80
2005.01.01.,hu5,38,55,65,66,67
2004.12.25.,hu5,24,48,50,55,80
2004.12.18.,hu5,8,11,17,45,81
2004.12.11.,hu5,16,60,65,77,78
2004.12.04.,hu5,11,13,22,38,47
2004.11.27.,hu5,49,61,66,69,75
2004.11.20.,hu5,27,29,34,37,59
2004.11.13.,hu5,23,47,61,69,82
2004.11.06.,hu5,28,38,47,62,79
,hu5,56,67,72,75,80
,hu5,1,27,29,74,78
,hu5,7,10,53,56,61
,hu5,2,5,17,36,73
,hu5,31,32,44,68,75
,hu5,18,27,31,38,44
,hu5,12,26,69,70,71
,hu5,6,75,82,83,86
,hu5,1,32,33,40,69
,hu5,16,38,48,56,60
,hu5,7,44,46,77,83
,hu5,26,43,57,64,71
,hu5,6,25,32,43,82
,hu5,18,26,49,68,76
,hu5,9,23,37,40,83
,hu5,10,27,32,59,75
,hu5,33,55,62,86,88
,hu5,11,26,35,51,85
,hu5,39,43,51,63,77
,hu5,9,29,37,52,65
,hu5,4,19,38,40,60
,hu5,10,21,49,56,67
,hu5,1,24,49,67,71
,hu5,2,11,25,32,67
,hu5,22,30,34,39,75
,hu5,2,18,32,55,59
,hu5,28,33,65,86,88
,hu5,6,29,58,71,81
,hu5,12,35,41,44,73
,hu5,19,20,28,63,89
,hu5,10,23,47,58,84
,hu5,5,40,66,81,87
,hu5,24,38,45,48,89
,hu5,27,31,41,49,60
,hu5,1,6,27,40,58
,hu5,13,36,53,59,75
,hu5,38,47,49,58,69
,hu5,36,46,55,59,72
,hu5,13,70,72,76,78
,hu5,30,42,61,65,66
,hu5,22,36,40,55,61
,hu5,20,33,51,76,79
,hu5,8,13,47,56,85
,hu5,11,20,27,32,55
,hu5,11,24,34,64,89
,hu5,9,20,21,59,68
,hu5,12,26,36,46,49
,hu5,24,31,67,71,73
,hu5,4,15,46,49,59
,hu5,1,4,8,69,74
,hu5,12,28,34,61,70
,hu5,24,33,34,39,54
,hu5,23,25,28,66,76
,hu5,3,14,24,73,83
,hu5,13,40,55,56,76
,hu5,32,45,55,70,78
,hu5,59,68,75,80,85
,hu5,20,22,23,50,67
,hu5,16,30,81,83,87
,hu5,20,40,52,54,90
,hu5,7,24,25,50,76
,hu5,10,29,60,74,86
,hu5,25,28,45,55,74
,hu5,7,12,18,38,90
,hu5,6,24,25,53,79
,hu5,17,18,28,35,90
,hu5,7,29,30,77,80
,hu5,17,18,51,52,75
,hu5,4,56,74,77,89
,hu5,23,33,34,71,89
,hu5,1,5,22,44,88
,hu5,2,6,47,74,80
,hu5,7,37,40,46,51
,hu5,7,20,35,58,83
,hu5,1,45,60,61,82
,hu5,25,35,37,74,86
,hu5,32,41,59,66,79
,hu5,18,38,41,67,89
,hu5,55,56,58,61,71
,hu5,20,32,43,65,73
,hu5,46,50,58,62,76
,hu5,12,60,66,67,72
,hu5,17,60,66,71,85
,hu5,4,23,42,61,64
,hu5,23,31,42,73,85
,hu5,3,21,28,30,33
,hu5,2,23,65,71,84
,hu5,13,33,73,77,78
,hu5,10,21,29,40,87
,hu5,21,29,37,48,68
,hu5,7,21,33,39,86
,hu5,54,56,57,59,71
,hu5,1,28,47,56,70
,hu5,5,12,31,53,60
,hu5,18,42,54,83,89
,hu5,37,42,44,61,62
,hu5,3,17,20,37,40
,hu5,33,42,50,69,85
,hu5,2,3,53,60,69
,hu5,17,18,33,41,59
,hu5,22,26,43,74,81
,hu5,3,5,13,60,88
,hu5,14,26,48,71,85
,hu5,15,20,25,47,66
,hu5,5,21,43,52,64
,hu5,8,25,64,72,79
,hu5,8,17,35,49,67
,hu5,11,24,34,41,87
,hu5,12,21,42,43,65
,hu5,20,21,41,62,77
,hu5,11,37,40,52,73
,hu5,23,24,51,59,78
,hu5,13,15,16,28,54
,hu5,11,12,18,76,79
,hu5,39,58,61,62,71
,hu5,52,55,60,67,81
,hu5,3,10,27,36,56
,hu5,9,28,56,87,90
,hu5,41,47,59,71,74
,hu5,6,11,30,78,80
,hu5,10,16,47,67,70
,hu5,6,19,47,52,85
,hu5,5,30,32,49,79
,hu5,6,56,71,81,85
,hu5,1,17,37,49,68
,hu5,3,25,51,80,86
,hu5,15,37,39,80,81
,hu5,27,31,54,66,76
,hu5,28,38,65,77,90
,hu5,6,33,43,73,74
,hu5,1,37,41,72,75
,hu5,22,35,43,50,69
,hu5,27,52,54,61,90
,hu5,26,37,53,65,79
,hu5,50,71,75,79,88
,hu5,2,3,24,58,87
,hu5,2,19,49,53,54
,hu5,27,35,39,68,71
,hu5,6,13,55,66,81
,hu5,13,51,55,62,74
,hu5,12,13,19,28,85
,hu5,18,20,61,77,90
,hu5,20,31,36,61,66
,hu5,27,30,32,47,90
,hu5,2,6,43,72,81
,hu5,2,28,29,45,81
,hu5,22,36,63,68,74
,hu5,10,22,43,52,68
,hu5,25,27,54,72,84
,hu5,2,15,32,42,75
,hu5,24,50,54,60,77
,hu5,1,21,25,60,78
,hu5,42,51,56,63,88
,hu5,8,23,25,54,79
,hu5,19,27,51,70,84
,hu5,28,52,69,70,90
,hu5,56,77,79,85,89
,hu5,11,31,45,53,83
,hu5,5,16,52,58,66
,hu5,31,36,48,50,54
,hu5,6,20,26,72,82
,hu5,5,11,50,67,69
,hu5,19,52,63,72,81
,hu5,12,55,71,74,85
,hu5,6,22,26,28,34
,hu5,47,60,66,81,89
,hu5,14,26,43,62,88
,hu5,4,40,42,51,76
,hu5,3,16,45,46,61
,hu5,2,32,36,41,43
,hu5,1,6,25,29,41
,hu5,4,20,43,58,67
,hu5,3,15,39,67,76
,hu5,25,27,73,76,77
,hu5,13,45,48,54,90
,hu5,35,38,46,61,62
,hu5,12,36,40,71,72
,hu5,14,19,44,45,67
,hu5,22,23,51,78,89
,hu5,5,7,46,52,84
,hu5,3,18,58,59,72
,hu5,12,27,56,58,63
,hu5,5,12,15,17,69
,hu5,1,12,24,52,87
,hu5,13,15,28,45,79
,hu5,10,31,45,71,78
,hu5,4,9,11,37,53
,hu5,12,28,37,61,80
,hu5,21,26,27,42,73
,hu5,15,32,42,47,52
,hu5,24,61,68,75,85
,hu5,38,57,58,62,63
,hu5,1,9,34,35,86
,hu5,13,28,52,75,83
,hu5,7,10,18,33,41
,hu5,17,57,59,60,71
,hu5,10,43,59,80,85
,hu5,11,25,32,78,83
,hu5,23,36,54,55,74
,hu5,12,38,62,64,71
,hu5,58,66,68,83,89
,hu5,17,32,34,82,87
,hu5,17,53,60,79,82
,hu5,12,36,61,69,88
,hu5,15,18,60,74,78
,hu5,7,8,11,29,90
,hu5,5,17,32,35,81
,hu5,42,54,62,68,75
,hu5,32,35,54,68,77
,hu5,4,10,20,59,79
,hu5,44,50,82,85,88
,hu5,14,28,31,78,88
,hu5,30,39,55,57,85
,hu5,6,9,64,67,79
,hu5,9,22,58,69,79
,hu5,22,32,56,61,73
,hu5,36,50,51,80,82
,hu5,23,50,76,79,89
,hu5,17,35,58,59,63
,hu5,4,9,18,25,63
,hu5,3,21,35,40,45
,hu5,46,47,70,77,79
,hu5,21,44,53,56,77
,hu5,3,49,64,76,90
,hu5,17,29,64,70,82
,hu5,28,34,39,40,81
,hu5,18,47,49,55,60
,hu5,13,17,20,82,86
,hu5,7,23,27,35,61
,hu5,18,38,45,58,80
,hu5,16,18,50,69,88
,hu5,5,16,26,50,73
,hu5,15,48,65,67,81
,hu5,13,31,43,53,60
,hu5,1,47,58,86,90
,hu5,20,23,51,59,64
,hu5,25,42,48,52,90
,hu5,5,11,47,48,77
,hu5,15,29,37,39,55
,hu5,4,30,47,67,81
,hu5,19,57,59,73,74
,hu5,10,19,57,64,81
,hu5,14,16,33,78,83
,hu5,4,11,31,37,64
,hu5,11,16,34,42,59
,hu5,1,5,34,66,72
,hu5,8,10,70,76,85
,hu5,4,22,30,67,88
,hu5,16,29,53,57,80
,hu5,7,27,40,49,78
,hu5,17,21,32,63,73
,hu5,24,30,37,54,83
,hu5,14,25,42,52,64
,hu5,5,11,57,67,73
,hu5,41,65,66,75,81
,hu5,22,23,50,82,90
,hu5,4,27,36,63,78
,hu5,6,20,36,69,84
,hu5,2,13,34,57,75
,hu5,6,30,68,74,81
,hu5,2,32,36,39,58
,hu5,17,40,45,50,58
,hu5,12,13,53,62,69
,hu5,42,48,57,73,87
,hu5,28,40,58,64,69
,hu5,48,54,57,60,90
,hu5,4,41,55,58,88
,hu5,22,25,48,70,73
,hu5,25,42,48,54,87
,hu5,16,34,38,49,70
,hu5,13,19,66,77,78
,hu5,29,55,64,66,74
,hu5,11,27,84,85,87
,hu5,27,32,35,82,89
,hu5,17,30,54,68,82
,hu5,27,48,61,63,80
,hu5,2,45,62,66,90
,hu5,36,79,82,85,86
,hu5,7,50,58,60,85
,hu5,29,39,43,55,68
,hu5,11,17,68,88,89
,hu5,8,20,38,59,69
,hu5,1,17,20,37,66
,hu5,13,15,41,61,71
,hu5,7,42,49,55,79
,hu5,10,37,48,65,89
,hu5,32,41,53,59,68
,hu5,14,20,45,57,72
,hu5,48,56,76,79,87
,hu5,9,20,22,27,37
,hu5,3,19,28,57,64
,hu5,12,19,27,31,35
,hu5,2,4,17,25,61
,hu5,10,13,28,55,72
,hu5,26,31,53,72,73
,hu5,26,27,42,55,86
,hu5,32,47,55,74,78
,hu5,15,29,45,77,83
,hu5,1,10,28,31,50
,hu5,15,26,27,31,66
,hu5,12,41,43,57,61
,hu5,7,41,70,71,84
,hu5,2,33,38,39,59
,hu5,10,17,46,47,75
,hu5,10,34,54,75,78
,hu5,7,22,24,43,80
,hu5,1,35,61,77,83
,hu5,6,17,50,55,85
,hu5,12,16,34,40,90
,hu5,5,9,22,25,31
,hu5,5,6,47,58,76
,hu5,6,46,59,67,71
,hu5,29,39,51,64,82
,hu5,2,12,31,46,87
,hu5,2,10,49,66,73
,hu5,58,75,81,82,86
,hu5,53,61,70,75,86
,hu5,1,13,35,41,53
,hu5,9,20,36,52,89
,hu5,5,23,37,45,86
,hu5,15,26,42,66,84
,hu5,4,40,79,85,86
,hu5,9,12,44,56,82
,hu5,5,24,77,84,88
,hu5,14,65,67,70,77
,hu5,17,20,25,62,79
,hu5,3,27,42,53,73
,hu5,6,9,26,84,88
,hu5,21,25,35,41,62
,hu5,11,64,71,72,80
,hu5,35,46,51,56,69
,hu5,6,57,60,67,79
,hu5,26,35,59,77,83
,hu5,2,6,19,44,52
,hu5,27,33,66,76,81
,hu5,11,30,60,83,88
,hu5,31,40,76,84,89
,hu5,24,30,40,81,85
,hu5,3,20,34,39,71
,hu5,2,15,36,48,73
,hu5,8,13,18,54,74
,hu5,31,64,72,75,89
,hu5,1,26,41,45,76
,hu5,9,18,21,52,57
,hu5,7,25,43,65,74
,hu5,30,41,57,62,84
,hu5,26,30,69,82,85
,hu5,9,11,18,24,51
,hu5,12,26,28,35,44
,hu5,8,24,32,45,60
,hu5,10,12,25,41,85
,hu5,15,43,54,69,74
,hu5,7,10,32,71,84
,hu5,3,13,30,45,49
,hu5,39,49,52,66,70
,hu5,1,14,46,59,64
,hu5,4,18,21,24,29
,hu5,22,33,45,66,81
,hu5,1,5,13,55,78
,hu5,17,54,60,61,90
,hu5,23,51,70,71,73
,hu5,57,59,67,88,90
,hu5,36,40,42,62,66
,hu5,13,44,47,79,81
,hu5,23,28,40,44,52
,hu5,35,44,56,66,70
,hu5,4,21,25,34,75
,hu5,30,40,41,43,75
,hu5,14,26,59,75,85
,hu5,15,31,32,52,64
,hu5,23,50,55,67,83
,hu5,6,16,26,39,66
,hu5,16,22,56,57,80
,hu5,47,48,51,66,83
,hu5,9,35,44,49,53
,hu5,12,19,20,70,73
,hu5,10,11,21,54,63
,hu5,2,23,76,82,89
,hu5,31,37,44,73,86
,hu5,21,50,59,78,80
,hu5,8,45,51,56,74
,hu5,11,23,24,31,64
,hu5,11,39,46,50,65
,hu5,8,11,51,75,86
,hu5,18,57,62,75,77
,hu5,10,22,27,28,82
,hu5,25,43,56,66,78
,hu5,15,61,67,71,86
,hu5,3,19,35,56,64
,hu5,16,38,58,73,87
,hu5,14,32,49,72,77
,hu5,25,58,81,88,90
,hu5,2,30,55,57,64
,hu5,34,42,55,79,85
,hu5,30,33,83,88,89
,hu5,23,40,62,77,85
,hu5,32,34,78,88,89
,hu5,2,15,38,60,77
,hu5,3,19,27,28,75
,hu5,17,39,43,55,79
,hu5,22,28,38,42,76
,hu5,28,30,31,77,86
,hu5,8,14,43,48,54
,hu5,40,58,66,69,75
,hu5,33,38,46,67,74
,hu5,2,29,40,62,65
,hu5,36,38,42,54,66
,hu5,26,43,54,56,70
,hu5,1,3,10,25,62
,hu5,11,13,45,67,75
,hu5,4,17,23,47,66
,hu5,1,14,22,72,89
,hu5,7,14,33,64,82
,hu5,16,27,33,34,46
,hu5,28,35,69,81,82
,hu5,5,47,62,75,84
,hu5,22,31,50,60,67
,hu5,4,6,27,68,89
,hu5,11,40,45,72,80
,hu5,10,29,44,52,77
,hu5,13,22,38,65,90
,hu5,7,29,40,63,77
,hu5,29,40,51,65,66
,hu5,14,27,41,56,76
,hu5,23,26,49,68,78
,hu5,19,28,56,72,87
,hu5,21,25,39,45,56
,hu5,2,5,20,42,78
,hu5,26,37,40,72,85
,hu5,10,24,32,67,72
,hu5,20,32,71,78,84
,hu5,24,52,77,80,88
,hu5,29,35,50,72,87
,hu5,30,50,55,76,77
,hu5,19,21,52,82,83
,hu5,5,30,61,63,86
,hu5,20,28,44,46,82
,hu5,1,52,67,68,83
,hu5,46,47,62,67,88
,hu5,9,20,59,60,70
,hu5,19,20,56,76,77
,hu5,22,50,54,57,89
,hu5,4,12,43,62,76
,hu5,12,24,66,77,86
,hu5,14,19,20,73,76
,hu5,14,44,46,52,70
,hu5,14,32,35,66,89
,hu5,1,39,53,68,70
,hu5,38,42,48,51,85
,hu5,8,13,29,47,87
,hu5,18,19,61,68,72
,hu5,8,9,32,49,63
,hu5,21,26,44,49,81
,hu5,24,35,41,52,67
,hu5,5,40,46,54,90
,hu5,12,62,69,72,82
,hu5,6,42,57,58,70
,hu5,26,32,34,52,85
,hu5,14,33,70,73,83
,hu5,8,21,27,46,58
,hu5,16,37,71,72,82
,hu5,5,32,38,64,81
,hu5,61,65,74,83,85
,hu5,11,13,66,80,87
,hu5,1,9,48,54,85
,hu5,46,64,65,77,81
,hu5,19,23,47,72,79
,hu5,8,43,78,87,90
,hu5,1,3,21,43,52
,hu5,22,23,54,62,68
,hu5,6,16,26,42,74
,hu5,17,69,75,80,89
,hu5,12,57,79,82,83
,hu5,27,33,52,72,73
,hu5,16,26,33,66,72
,hu5,24,48,60,66,85
,hu5,24,25,33,50,61
,hu5,13,51,69,71,72
,hu5,8,13,42,70,80
,hu5,5,11,44,56,79
,hu5,27,34,49,63,68
,hu5,8,37,44,51,80
,hu5,15,31,39,51,73
,hu5,6,20,40,46,47
,hu5,7,32,63,77,81
,hu5,27,52,53,57,62
,hu5,2,17,28,77,79
,hu5,23,28,44,55,76
,hu5,7,14,27,45,51
,hu5,42,52,62,83,90
,hu5,22,52,65,66,76
,hu5,23,45,62,74,86
,hu5,3,12,22,29,36
,hu5,6,15,23,69,90
,hu5,16,45,51,52,90
,hu5,14,29,40,55,76
,hu5,20,35,48,66,80
,hu5,1,4,33,67,75
,hu5,39,55,58,71,74
,hu5,9,27,33,40,50
,hu5,16,50,66,73,74
,hu5,2,19,69,85,87
,hu5,7,11,33,78,81
,hu5,10,20,40,54,85
,hu5,5,25,35,39,52
,hu5,5,10,45,71,76
,hu5,5,19,49,85,90
,hu5,47,56,62,67,70
,hu5,27,29,49,72,77
,hu5,30,42,63,64,78
,hu5,12,28,35,41,55
,hu5,11,27,57,68,78
,hu5,6,11,29,35,81
,hu5,31,34,43,74,90
,hu5,11,22,73,75,77
,hu5,50,53,64,68,71
,hu5,16,42,63,65,77
,hu5,2,26,36,37,72
,hu5,7,23,72,76,81
,hu5,11,54,72,79,86
,hu5,3,10,12,15,89
,hu5,6,10,41,45,85
,hu5,11,15,31,41,77
,hu5,43,61,77,82,88
,hu5,16,22,32,51,79
,hu5,7,12,38,54,57
,hu5,4,18,43,68,85
,hu5,12,43,58,69,74
,hu5,5,13,14,63,68
,hu5,5,14,35,85,88
,hu5,13,18,23,43,76
,hu5,21,35,45,48,63
,hu5,37,64,65,72,84
,hu5,10,12,31,67,72
,hu5,3,26,28,47,80
,hu5,7,9,35,59,73
,hu5,12,58,76,78,86
,hu5,21,43,44,52,88
,hu5,7,21,39,56,64
,hu5,14,46,50,68,76
,hu5,2,25,29,83,86
,hu5,14,20,34,71,82
,hu5,30,44,53,77,86
,hu5,15,33,36,48,83
,hu5,16,39,59,63,68
,hu5,7,35,68,75,80
,hu5,13,22,47,67,68
,hu5,29,58,62,70,77
,hu5,15,16,47,58,67
,hu5,7,8,19,29,53
,hu5,10,12,18,51,77
,hu5,3,8,16,29,36
,hu5,8,10,54,63,64
,hu5,10,25,26,72,77
,hu5,19,49,69,83,86
,hu5,21,26,54,58,59
,hu5,8,43,54,59,81
,hu5,11,20,36,82,90
,hu5,5,46,47,55,79
,hu5,26,50,66,74,89
,hu5,11,40,44,68,84
,hu5,14,38,52,54,86
,hu5,1,5,11,40,62
,hu5,13,42,51,66,84
,hu5,29,44,51,52,89
,hu5,10,16,27,43,70
,hu5,25,29,68,71,80
,hu5,26,60,61,67,82
,hu5,1,34,64,73,88
,hu5,9,28,33,42,62
,hu5,6,35,37,62,72
,hu5,1,12,22,48,65
,hu5,3,41,49,61,76
,hu5,15,36,52,56,83
,hu5,9,17,33,60,68
,hu5,20,21,27,59,67
,hu5,7,74,79,87,90
,hu5,32,36,42,51,64
,hu5,15,34,50,78,84
,hu5,2,27,35,39,59
,hu5,19,23,38,46,65
,hu5,31,44,52,54,73
,hu5,1,4,39,54,79
,hu5,6,22,65,78,79
,hu5,7,32,54,60,78
,hu5,32,49,53,78,86
,hu5,1,46,59,69,82
,hu5,33,47,64,71,83
,hu5,4,7,30,58,77
,hu5,20,37,39,62,75
,hu5,4,15,18,61,65
,hu5,14,25,28,43,52
,hu5,9,34,37,81,84
,hu5,16,40,77,86,88
,hu5,7,10,38,66,79
,hu5,3,36,39,42,45
,hu5,4,21,30,34,45
,hu5,6,12,26,45,80
,hu5,6,53,69,80,86
,hu5,7,28,42,43,69
,hu5,36,42,85,89,90
,hu5,29,47,57,62,63
,hu5,15,18,42,43,53
,hu5,36,44,47,49,90
,hu5,8,20,47,48,54
,hu5,10,51,72,73,81
,hu5,8,22,32,50,59
,hu5,9,10,18,63,81
,hu5,38,68,78,85,90
,hu5,2,19,26,28,68
,hu5,1,2,5,15,45
,hu5,7,8,23,33,48
,hu5,1,10,17,24,73
,hu5,21,29,34,35,43
,hu5,29,41,51,65,66
,hu5,3,53,54,55,57
,hu5,40,56,64,68,80
,hu5,5,25,36,54,66
,hu5,25,33,48,79,84
,hu5,40,58,69,82,87
,hu5,27,57,69,76,83
,hu5,28,47,61,72,74
,hu5,22,53,77,78,86
,hu5,6,16,18,23,45
,hu5,3,5,36,55,70
,hu5,4,31,33,58,76
,hu5,5,47,51,72,81
,hu5,21,33,59,71,83
,hu5,7,11,29,49,51
,hu5,13,47,50,67,76
,hu5,1,8,14,17,38
,hu5,13,22,45,47,87
,hu5,3,52,64,74,77
,hu5,16,45,52,87,90
,hu5,41,43,44,54,55
,hu5,1,4,5,22,39
,hu5,12,20,44,81,82
,hu5,4,5,29,75,90
,hu5,7,25,28,36,88
,hu5,1,20,29,35,47
,hu5,35,55,60,79,86
,hu5,24,55,78,79,87
,hu5,16,33,44,76,80
,hu5,6,8,32,53,90
,hu5,33,34,56,62,81
,hu5,10,46,59,63,81
,hu5,4,19,21,49,63
,hu5,29,34,37,47,90
,hu5,5,9,35,36,61
,hu5,19,21,37,42,71
,hu5,5,25,32,63,75
,hu5,7,14,60,66,86
,hu5,16,19,41,44,86
,hu5,35,48,71,78,83
,hu5,10,20,22,48,72
,hu5,8,45,58,72,80
,hu5,11,47,56,64,73
,hu5,39,54,58,73,74
,hu5,34,58,61,65,75
,hu5,7,22,45,49,83
,hu5,6,14,39,50,64
,hu5,16,48,49,71,83
,hu5,9,12,14,17,41
,hu5,10,19,71,76,80
,hu5,9,24,42,57,69
,hu5,13,36,45,48,64
,hu5,5,31,43,69,79
,hu5,5,27,59,87,89
,hu5,26,33,38,43,53
,hu5,24,38,39,60,69
,hu5,5,39,63,80,88
,hu5,23,32,48,61,90
,hu5,1,30,60,70,87
,hu5,8,61,73,74,84
,hu5,13,34,67,68,78
,hu5,16,21,25,37,86
,hu5,28,39,55,68,71
,hu5,11,15,16,38,65
,hu5,29,42,69,85,86
,hu5,21,43,56,65,66
,hu5,7,10,26,63,72
,hu5,9,11,44,49,85
,hu5,19,41,57,64,70
,hu5,11,54,61,81,86
,hu5,30,45,50,68,80
,hu5,3,10,15,24,70
,hu5,36,60,67,70,80
,hu5,49,53,66,79,83
,hu5,30,32,49,54,65
,hu5,9,10,13,60,64
,hu5,13,22,23,43,89
,hu5,22,35,43,63,85
,hu5,25,41,46,70,84
,hu5,13,24,33,63,72
,hu5,10,13,17,25,69
,hu5,4,6,23,35,65
,hu5,23,44,60,83,90
,hu5,7,13,27,56,83
,hu5,37,53,58,69,89
,hu5,11,52,74,86,90
,hu5,5,22,56,57,74
,hu5,1,31,34,50,66
,hu5,9,35,53,60,83
,hu5,2,12,50,62,74
,hu5,6,37,41,64,90
,hu5,1,18,28,33,88
,hu5,32,41,51,65,77
,hu5,36,61,64,75,88
,hu5,5,9,64,66,72
,hu5,6,8,23,71,83
,hu5,12,41,50,61,72
,hu5,11,12,42,76,83
,hu5,19,23,57,63,66
,hu5,7,26,70,76,87
,hu5,18,37,64,78,82
,hu5,60,61,69,71,79
,hu5,32,34,40,51,62
,hu5,19,31,49,74,81
,hu5,8,62,65,78,80
,hu5,12,14,25,50,85
,hu5,22,28,40,73,85
,hu5,21,45,47,58,79
,hu5,35,42,49,54,78
,hu5,3,14,36,38,42
,hu5,18,34,46,51,81
,hu5,4,13,44,85,89
,hu5,20,36,44,71,88
,hu5,1,4,6,79,83
,hu5,21,35,45,70,89
,hu5,30,33,57,73,83
,hu5,16,20,27,57,71
,hu5,57,74,78,83,87
,hu5,2,23,67,69,86
,hu5,11,26,46,63,67
,hu5,11,22,26,49,88
,hu5,29,58,63,73,85
,hu5,12,18,30,42,46
,hu5,21,32,64,84,89
,hu5,44,59,68,72,73
,hu5,18,21,34,40,71
,hu5,19,30,49,61,71
,hu5,20,22,32,41,86
,hu5,2,19,38,49,81
,hu5,16,18,28,35,82
,hu5,2,6,9,23,26
,hu5,17,70,72,75,84
,hu5,11,13,48,49,51
,hu5,12,59,62,69,90
,hu5,10,17,33,71,75
,hu5,16,25,38,78,83
,hu5,7,23,30,72,75
,hu5,15,37,65,79,87
,hu5,14,31,57,69,85
,hu5,9,21,46,57,69
,hu5,19,48,51,78,86
,hu5,11,32,40,48,88
,hu5,26,34,35,77,79
,hu5,8,22,65,66,80
,hu5,23,36,68,83,87
,hu5,4,11,15,64,66
,hu5,2,57,63,70,89
,hu5,1,37,43,76,89
,hu5,15,34,37,50,71
,hu5,10,11,18,22,85
,hu5,7,18,48,59,77
,hu5,41,42,44,51,64
,hu5,13,48,54,57,70
,hu5,15,56,78,82,88
,hu5,29,40,62,86,90
,hu5,32,47,57,66,82
,hu5,21,39,56,58,86
,hu5,35,47,49,64,66
,hu5,1,7,32,76,84
,hu5,25,30,38,56,79
,hu5,1,42,49,62,74
,hu5,12,34,46,64,82
,hu5,30,45,66,79,80
,hu5,31,37,64,70,78
,hu5,3,32,33,38,49
,hu5,1,38,55,73,74
,hu5,30,31,47,51,52
,hu5,27,30,41,52,80
,hu5,2,27,32,55,86
,hu5,14,24,26,37,83
,hu5,30,35,40,75,82
,hu5,23,24,31,49,64
,hu5,10,16,72,80,83
,hu5,10,16,22,25,61
,hu5,4,16,50,60,83
,hu5,45,48,57,78,90
,hu5,28,75,76,81,82
,hu5,27,69,82,84,86
,hu5,8,52,55,65,76
,hu5,3,5,44,78,80
,hu5,5,36,38,42,74
,hu5,29,43,81,85,87
,hu5,18,23,50,68,77
,hu5,10,21,23,41,46
,hu5,21,46,52,80,87
,hu5,49,54,68,80,84
,hu5,13,21,25,41,50
,hu5,1,5,32,72,78
,hu5,16,26,52,77,78
,hu5,2,15,64,67,69
,hu5,32,41,44,76,82
,hu5,3,9,26,38,47
,hu5,7,15,25,53,86
,hu5,6,8,42,60,73
,hu5,14,37,47,66,67
,hu5,20,32,35,51,67
,hu5,11,13,20,22,36
,hu5,20,35,43,59,70
,hu5,16,38,47,55,71
,hu5,7,36,39,48,64
,hu5,5,8,21,25,33
,hu5,1,20,61,78,88
,hu5,20,43,47,57,87
,hu5,45,56,58,66,86
,hu5,18,24,43,60,68
,hu5,3,15,53,65,73
,hu5,21,25,56,59,67
,hu5,1,29,31,40,47
,hu5,8,37,59,62,84
,hu5,29,55,75,81,87
,hu5,14,20,59,60,71
,hu5,12,19,27,37,79
,hu5,24,26,31,76,77
,hu5,13,38,71,76,85
,hu5,14,52,60,70,90
,hu5,2,28,36,77,79
,hu5,38,47,68,78,83
,hu5,4,35,50,80,84
,hu5,25,37,38,64,76
,hu5,3,9,46,70,90
,hu5,24,27,49,52,80
,hu5,7,9,22,56,64
,hu5,4,31,45,77,90
,hu5,3,30,54,55,58
,hu5,21,26,27,33,88
,hu5,1,17,19,55,66
,hu5,13,20,36,61,77
,hu5,15,17,37,51,81
,hu5,36,51,60,67,69
,hu5,24,32,75,77,80
,hu5,1,38,71,75,80
,hu5,2,17,35,68,86
,hu5,9,24,29,59,63
,hu5,28,33,48,49,58
,hu5,48,70,73,78,82
,hu5,1,8,39,44,52
,hu5,7,29,44,47,82
,hu5,17,18,46,65,87
,hu5,9,10,15,34,86
,hu5,13,18,38,44,67
,hu5,17,26,42,62,76
,hu5,11,61,79,89,90
,hu5,2,26,34,46,60
,hu5,26,39,42,54,65
,hu5,11,24,37,52,54
,hu5,4,7,46,64,80
,hu5,19,21,29,58,79
,hu5,36,51,61,65,73
,hu5,26,28,47,58,86
,hu5,16,17,27,41,55
,hu5,13,27,36,54,61
,hu5,14,30,41,61,62
,hu5,24,25,27,31,70
,hu5,24,27,45,48,65
,hu5,16,47,59,62,80
,hu5,35,47,50,55,81
,hu5,30,33,73,82,84
,hu5,5,52,53,77,81
,hu5,8,28,30,31,78
,hu5,10,38,41,58,77
,hu5,2,3,72,85,89
,hu5,5,12,27,69,75
,hu5,50,58,73,76,85
,hu5,19,36,44,54,70
,hu5,21,22,27,31,86
,hu5,28,36,68,74,80
,hu5,4,22,51,61,62
,hu5,1,5,25,37,40
,hu5,10,50,75,86,87
,hu5,44,62,63,82,84
,hu5,7,8,10,22,69
,hu5,8,39,51,54,86
,hu5,29,30,35,42,75
,hu5,19,30,43,59,83
,hu5,8,59,62,76,81
,hu5,12,33,37,68,88
,hu5,2,23,24,80,90
,hu5,21,36,38,81,85
,hu5,7,17,19,29,76
,hu5,29,75,81,82,86
,hu5,23,27,29,78,81
,hu5,29,40,69,79,90
,hu5,17,56,65,79,89
,hu5,3,7,13,21,59
,hu5,3,13,28,38,72
,hu5,3,15,32,34,87
,hu5,2,15,49,52,56
,hu5,1,24,29,36,56
,hu5,3,9,46,64,74
,hu5,11,24,37,52,61
,hu5,42,46,58,68,80
,hu5,25,43,62,63,84
,hu5,27,34,53,55,86
,hu5,6,16,25,42,84
,hu5,11,29,41,65,78
,hu5,7,34,46,73,88
,hu5,11,27,45,54,81
,hu5,11,13,22,60,65
,hu5,20,22,50,53,79
,hu5,40,59,65,76,87
,hu5,10,12,28,61,88
,hu5,24,46,62,64,80
,hu5,14,22,30,54,75
,hu5,34,47,55,65,90
,hu5,10,25,28,65,85
,hu5,3,17,46,68,78
,hu5,39,46,49,59,72
,hu5,30,31,48,53,75
,hu5,16,26,43,65,77
,hu5,9,12,25,60,75
,hu5,7,14,49,53,80
,hu5,1,21,63,72,80
,hu5,33,37,50,53,66
,hu5,4,15,29,38,68
,hu5,11,54,55,79,84
,hu5,11,41,61,68,76
,hu5,11,57,58,68,76
,hu5,9,33,39,42,55
,hu5,12,34,38,65,77
,hu5,10,37,51,84,90
,hu5,8,10,55,57,90
,hu5,18,19,55,66,68
,hu5,6,20,60,61,73
,hu5,13,15,60,68,77
,hu5,1,18,35,54,58
,hu5,1,47,50,69,83
,hu5,37,42,63,77,83
,hu5,27,36,46,67,85
,hu5,4,18,30,51,54
,hu5,12,17,71,72,73
,hu5,4,40,43,57,85
,hu5,20,24,44,61,72
,hu5,5,17,43,48,90
,hu5,3,19,32,49,69
,hu5,27,29,30,57,83
,hu5,6,7,15,16,77
,hu5,29,51,61,62,86
,hu5,15,43,48,69,76
,hu5,11,16,18,72,85
,hu5,15,30,37,50,59
,hu5,13,20,30,78,89
,hu5,36,49,71,73,89
,hu5,1,11,13,21,52
,hu5,1,10,44,79,82
,hu5,10,24,26,61,90
,hu5,5,18,73,76,83
,hu5,12,22,29,59,80
,hu5,24,33,38,53,81
,hu5,29,47,71,74,77
,hu5,21,24,44,75,81
,hu5,3,21,29,34,74
,hu5,4,8,15,64,82
,hu5,19,22,26,28,65
,hu5,23,36,71,79,86
,hu5,1,11,33,51,76
,hu5,16,23,26,62,88
,hu5,15,27,64,74,77
,hu5,15,18,27,38,81
,hu5,42,50,58,74,76
,hu5,23,33,51,74,80
,hu5,26,39,64,71,87
,hu5,6,33,73,77,88
,hu5,1,36,37,64,70
,hu5,5,42,61,64,70
,hu5,20,24,29,48,57
,hu5,54,59,65,73,86
,hu5,1,20,49,61,69
,hu5,31,43,45,56,64
,hu5,4,8,12,30,69
,hu5,13,19,20,58,63
,hu5,20,33,52,82,89
,hu5,3,4,22,29,72
,hu5,49,53,72,88,90
,hu5,1,39,51,55,67
,hu5,26,50,75,78,89
,hu5,6,10,52,57,85
,hu5,13,34,64,69,82
,hu5,24,37,60,69,78
,hu5,31,32,40,57,67
,hu5,6,12,15,41,53
,hu5,4,17,46,48,75
,hu5,12,24,58,68,77
,hu5,6,21,26,56,57
,hu5,9,46,56,81,84
,hu5,2,33,41,69,73
,hu5,7,16,17,67,73
,hu5,3,19,38,41,77
,hu5,44,49,66,72,89
,hu5,5,37,50,57,85
,hu5,2,8,32,75,81
,hu5,20,32,69,75,78
,hu5,9,12,22,40,88
,hu5,1,2,59,85,88
,hu5,20,71,76,87,90
,hu5,12,43,46,48,60
,hu5,3,17,18,33,88
,hu5,6,11,56,61,71
,hu5,10,38,44,45,48
,hu5,43,45,64,74,80
,hu5,22,30,32,54,63
,hu5,7,34,69,70,81
,hu5,7,26,31,52,79
,hu5,2,14,30,32,33
,hu5,17,58,66,79,84
,hu5,11,14,18,31,54
,hu5,21,34,68,80,89
,hu5,6,37,66,77,88
,hu5,51,53,55,65,82
,hu5,3,18,41,66,85
,hu5,19,25,40,45,70
,hu5,2,18,39,57,64
,hu5,3,36,41,58,69
,hu5,15,28,58,70,72
,hu5,7,25,28,39,69
,hu5,7,8,67,75,80
,hu5,8,10,14,30,75
,hu5,9,46,66,67,84
,hu5,10,44,54,58,68
,hu5,24,51,72,77,79
,hu5,11,19,61,62,89
,hu5,43,47,59,63,84
,hu5,1,12,32,65,84
,hu5,17,21,34,49,60
,hu5,8,19,63,80,90
,hu5,14,29,30,86,87
,hu5,7,16,20,65,75
,hu5,23,28,62,64,79
,hu5,4,74,77,78,89
,hu5,8,22,24,42,85
,hu5,9,20,34,63,77
,hu5,11,20,51,55,78
,hu5,2,57,66,67,69
,hu5,4,6,47,49,56
,hu5,3,10,28,31,88
,hu5,46,52,56,67,90
,hu5,58,63,64,66,79
,hu5,18,28,57,72,82
,hu5,10,20,44,64,80
,hu5,5,18,53,72,87
,hu5,29,33,42,48,51
,hu5,30,52,68,69,79
,hu5,4,8,44,58,65
,hu5,10,17,78,81,85
,hu5,2,43,56,67,90
,hu5,26,31,42,52,90
,hu5,7,25,29,36,79
,hu5,12,13,60,70,88
,hu5,9,20,24,85,86
,hu5,1,3,15,37,40
,hu5,53,57,62,77,83
,hu5,9,26,77,84,87
,hu5,20,36,39,50,84
,hu5,3,17,18,64,87
,hu5,20,35,46,57,78
,hu5,13,14,49,65,84
,hu5,43,54,63,65,66
,hu5,4,6,31,41,56
,hu5,2,34,67,77,83
,hu5,19,38,56,60,65
,hu5,10,17,28,50,80
,hu5,2,14,30,51,63
,hu5,10,40,55,64,67
,hu5,16,26,47,51,62
,hu5,2,14,17,29,75
,hu5,20,22,49,78,90
,hu5,17,31,48,59,85
,hu5,18,30,57,61,81
,hu5,4,9,30,83,84
,hu5,2,7,20,27,43
,hu5,15,26,54,83,85
,hu5,2,4,28,37,55
,hu5,7,13,54,55,89
,hu5,19,25,31,54,76
,hu5,44,46,50,68,81
,hu5,10,48,53,67,73
,hu5,19,65,68,78,83
,hu5,32,38,44,71,72
,hu5,4,24,27,58,79
,hu5,18,43,44,50,83
,hu5,10,34,54,80,83
,hu5,19,41,51,56,84
,hu5,2,13,17,43,75
,hu5,1,35,39,78,84
,hu5,12,25,43,53,54
,hu5,41,55,77,88,90
,hu5,14,17,30,83,85
,hu5,15,28,54,78,80
,hu5,8,38,65,67,77
,hu5,10,18,20,24,66
,hu5,16,18,60,75,88
,hu5,4,5,28,41,88
,hu5,20,32,34,54,64
,hu5,29,41,68,78,82
,hu5,8,13,20,26,89
,hu5,4,31,62,82,89
,hu5,4,21,37,51,67
,hu5,13,27,29,49,83
,hu5,23,37,58,72,85
,hu5,41,50,57,61,62
,hu5,10,13,60,61,62
,hu5,12,20,25,47,81
,hu5,9,30,44,60,67
,hu5,7,21,63,64,85
,hu5,3,4,34,45,77
,hu5,31,43,49,52,73
,hu5,12,18,55,60,74
,hu5,16,29,43,56,90
,hu5,39,43,53,64,70
,hu5,47,55,67,78,84
,hu5,25,64,78,79,88
,hu5,23,41,55,76,84
,hu5,12,42,61,66,68
,hu5,25,34,56,59,85
,hu5,19,36,51,54,61
,hu5,5,7,65,68,83
,hu5,2,26,52,66,76
,hu5,13,18,30,54,71
,hu5,7,18,19,54,61
,hu5,3,10,50,60,63
,hu5,29,40,60,69,72
,hu5,23,32,70,80,81
,hu5,30,54,62,76,83
,hu5,39,47,55,76,90
,hu5,6,12,20,72,86
,hu5,13,23,24,85,89
,hu5,12,36,40,55,68
,hu5,3,30,41,63,81
,hu5,3,35,41,72,80
,hu5,4,18,22,39,58
,hu5,13,24,27,31,75
,hu5,29,38,59,66,75
,hu5,1,56,59,64,84
,hu5,17,21,31,71,80
,hu5,16,18,29,49,62
,hu5,18,45,49,50,75
,hu5,10,32,46,67,84
,hu5,1,10,38,67,77
,hu5,10,25,60,78,79
,hu5,6,41,68,71,81
,hu5,31,54,58,59,69
,hu5,8,9,19,26,61
,hu5,8,9,43,72,84
,hu5,18,29,67,85,87
,hu5,1,48,71,74,89
,hu5,16,46,51,73,83
,hu5,35,64,65,86,88
,hu5,16,36,60,66,72
,hu5,16,41,44,49,80
,hu5,30,48,72,76,87
,hu5,34,39,55,62,81
,hu5,23,29,41,45,63
,hu5,8,16,17,48,86
,hu5,3,32,50,52,69
,hu5,8,20,29,31,42
,hu5,1,8,33,34,35
,hu5,11,17,48,88,90
,hu5,13,32,43,62,90
,hu5,7,35,38,61,86
,hu5,16,22,26,29,64
,hu5,10,16,24,67,84
,hu5,37,47,53,62,75
,hu5,9,11,14,19,89
,hu5,1,4,18,46,47
,hu5,14,17,49,76,82
,hu5,4,12,25,38,66
,hu5,23,56,61,63,89
,hu5,43,59,69,82,85
,hu5,8,9,43,76,81
,hu5,22,29,36,56,75
,hu5,40,41,47,68,83
,hu5,21,42,54,73,87
,hu5,32,50,68,69,85
,hu5,3,9,11,29,71
,hu5,20,30,33,49,77
,hu5,23,31,56,66,85
,hu5,2,24,35,65,75
,hu5,19,29,31,63,87
,hu5,43,44,63,74,84
,hu5,12,23,42,56,72
,hu5,33,36,59,76,80
,hu5,8,10,25,40,86
,hu5,34,69,78,85,86
,hu5,19,40,51,75,76
,hu5,19,23,25,32,51
,hu5,14,32,42,43,62
,hu5,12,17,29,60,88
,hu5,16,25,41,64,85
,hu5,3,4,11,53,68
,hu5,14,34,67,69,88
,hu5,42,51,60,80,90
,hu5,3,11,12,20,53
,hu5,15,57,73,78,81
,hu5,13,21,27,86,89
,hu5,18,62,64,78,89
,hu5,14,40,54,55,61
,hu5,37,46,49,50,66
,hu5,16,18,24,40,50
,hu5,4,25,60,69,85
,hu5,45,47,64,83,89
,hu5,19,21,27,48,81
,hu5,3,46,74,76,87
,hu5,36,40,45,56,81
,hu5,18,19,27,54,56
,hu5,8,35,38,44,50
,hu5,47,52,57,85,90
,hu5,8,45,46,54,59
,hu5,3,58,62,79,80
,hu5,2,15,25,32,37
,hu5,11,24,46,49,60
,hu5,15,24,32,33,67
,hu5,4,16,28,61,62
,hu5,13,23,38,45,48
,hu5,4,14,19,46,72
,hu5,9,10,22,60,87
,hu5,7,32,60,61,89
,hu5,15,27,40,47,76
,hu5,9,14,27,30,69
,hu5,12,19,39,44,90
,hu5,15,64,73,79,82
,hu5,4,8,23,47,85
,hu5,14,20,31,73,86
,hu5,41,52,54,55,87
,hu5,4,10,47,55,77
,hu5,1,34,50,59,79
,hu5,29,44,46,56,73
,hu5,6,12,32,46,87
,hu5,1,10,33,46,86
,hu5,23,29,56,67,69
,hu5,6,41,57,62,78
,hu5,13,24,41,48,70
,hu5,28,45,49,55,70
,hu5,14,24,46,70,84
,hu5,34,64,70,74,87
,hu5,12,19,46,52,53
,hu5,26,49,62,63,74
,hu5,4,6,44,45,53
,hu5,3,8,20,32,79
,hu5,7,10,15,46,75
,hu5,13,16,21,23,30
,hu5,1,15,39,52,84
,hu5,17,41,52,77,87
,hu5,3,14,47,75,86
,hu5,8,13,46,54,56
,hu5,3,12,32,40,52
,hu5,3,19,71,76,83
,hu5,18,23,32,46,64
,hu5,22,32,40,47,79
,hu5,15,25,39,42,77
,hu5,36,48,62,65,69
,hu5,16,28,51,59,64
,hu5,48,59,65,68,90
,hu5,12,18,72,80,90
,hu5,12,13,37,56,89
,hu5,13,25,27,42,71
,hu5,7,9,14,15,80
,hu5,5,18,27,39,43
,hu5,10,25,36,51,55
,hu5,7,13,17,22,24
,hu5,3,43,45,72,87
,hu5,6,23,27,35,42
,hu5,11,21,68,79,81
,hu5,18,21,29,66,80
,hu5,18,31,47,64,76
,hu5,14,22,29,59,60
,hu5,19,25,33,53,59
,hu5,3,40,58,59,87
,hu5,15,46,59,60,81
,hu5,17,23,34,55,66
,hu5,14,31,64,66,77
,hu5,2,23,50,64,90
,hu5,7,38,43,69,81
,hu5,18,64,70,86,90
,hu5,11,12,54,56,82
,hu5,5,17,41,62,72
,hu5,10,32,82,84,87
,hu5,10,24,35,73,78
,hu5,5,7,14,20,40
,hu5,3,17,53,56,59
,hu5,7,13,25,66,86
,hu5,22,36,53,54,87
,hu5,22,51,54,73,75
,hu5,12,46,55,69,71
,hu5,13,28,37,70,74
,hu5,22,34,68,87,89
,hu5,10,43,49,74,89
,hu5,3,25,45,64,79
,hu5,8,36,38,68,73
,hu5,16,31,48,62,63
,hu5,9,35,48,49,69
,hu5,7,16,52,77,80
,hu5,14,32,73,87,88
,hu5,18,36,47,48,60
,hu5,29,30,37,70,71
,hu5,19,35,38,77,79
,hu5,2,8,11,16,53
,hu5,22,26,35,45,57
,hu5,34,59,67,75,78
,hu5,4,6,50,56,68
,hu5,8,22,45,52,74
,hu5,6,10,42,48,66
,hu5,5,8,44,45,49
,hu5,16,46,63,80,81
,hu5,26,31,35,36,50
,hu5,3,5,31,74,90
,hu5,20,22,64,66,69
,hu5,15,32,34,51,84
,hu5,2,12,29,62,79
,hu5,11,20,34,42,48
,hu5,50,56,57,59,74
,hu5,14,15,71,84,88
,hu5,7,16,40,87,89
,hu5,12,30,41,60,62
,hu5,42,45,59,62,69
,hu5,6,7,41,46,86
,hu5,28,33,34,47,76
,hu5,16,25,27,54,87
,hu5,11,25,35,45,57
,hu5,7,35,36,61,82
,hu5,7,20,51,74,87
,hu5,3,25,40,43,82
,hu5,4,18,48,75,87
,hu5,6,12,45,56,75
,hu5,4,10,19,42,79
,hu5,43,52,55,81,89
,hu5,28,29,35,48,87
,hu5,45,55,69,75,83
,hu5,17,62,64,79,83
,hu5,13,24,42,81,84
,hu5,47,53,54,56,74
,hu5,27,60,62,66,82
,hu5,9,13,37,82,90
,hu5,21,24,49,66,80
,hu5,10,15,63,66,89
,hu5,34,37,60,64,78
,hu5,16,19,52,68,84
,hu5,14,36,63,76,89
,hu5,40,43,50,61,83
,hu5,12,31,58,85,88
,hu5,10,13,22,76,90
,hu5,19,21,22,46,89
,hu5,35,59,62,66,72
,hu5,18,23,29,56,71
,hu5,15,17,48,70,77
,hu5,8,37,68,74,80
,hu5,7,15,30,40,50
,hu5,49,59,60,72,74
,hu5,10,19,56,58,71
,hu5,27,31,58,66,83
,hu5,4,9,65,70,90
,hu5,20,35,47,58,88
,hu5,25,33,43,56,80
,hu5,9,42,78,84,86
,hu5,3,9,26,40,75
,hu5,32,36,47,49,52
,hu5,9,23,27,33,88
,hu5,9,20,32,59,83
,hu5,7,8,51,59,86
,hu5,1,6,15,58,78
,hu5,15,32,60,72,85
,hu5,21,44,47,48,84
,hu5,19,45,46,56,72
,hu5,6,27,57,61,88
,hu5,16,26,56,86,88
,hu5,21,26,29,39,71
,hu5,25,45,57,74,78
,hu5,11,18,22,36,56
,hu5,27,28,39,47,77
,hu5,7,28,65,71,81
,hu5,14,29,57,66,89
,hu5,32,57,69,73,87
,hu5,4,61,73,79,88
,hu5,22,30,38,52,59
,hu5,1,24,51,53,85
,hu5,37,44,68,75,76
,hu5,19,38,51,84,90
,hu5,17,26,34,45,49
,hu5,3,41,42,57,70
,hu5,1,22,28,45,74
,hu5,14,38,45,46,83
,hu5,17,40,45,62,65
,hu5,1,8,15,22,37
,hu5,2,22,57,60,89
,hu5,24,53,64,82,86
,hu5,17,29,67,71,72
,hu5,13,39,45,71,75
,hu5,8,31,57,60,75
,hu5,2,53,55,57,81
,hu5,14,45,53,65,89
,hu5,17,52,53,58,75
,hu5,25,39,53,75,90
,hu5,20,25,31,87,90
,hu5,35,43,61,67,86
,hu5,3,36,41,46,56
,hu5,9,25,48,64,83
,hu5,3,18,59,67,73
,hu5,7,41,47,48,90
,hu5,21,24,42,65,77
,hu5,23,29,42,43,60
,hu5,29,42,72,73,82
,hu5,11,15,46,70,83
,hu5,5,21,32,49,77
,hu5,2,31,35,47,54
,hu5,35,44,49,72,86
,hu5,14,18,68,76,78
,hu5,18,20,24,35,52
,hu5,21,22,44,62,80
,hu5,13,31,59,64,86
,hu5,23,42,56,72,77
,hu5,3,18,29,33,60
,hu5,9,48,59,84,90
,hu5,10,18,21,60,76
,hu5,1,22,61,62,72
,hu5,6,14,18,21,25
,hu5,25,30,40,45,78
,hu5,4,19,73,82,87
,hu5,46,52,72,75,79
,hu5,52,55,63,66,86
,hu5,16,20,25,66,77
,hu5,10,15,32,51,75
,hu5,1,2,28,57,60
,hu5,18,27,42,66,69
,hu5,7,45,57,83,88
,hu5,6,16,32,67,82
,hu5,11,12,23,32,77
,hu5,23,27,37,38,47
,hu5,18,44,78,81,89
,hu5,13,21,26,44,71
,hu5,31,53,60,63,82
,hu5,7,33,35,54,72
,hu5,24,30,51,60,71
,hu5,14,49,52,71,86
,hu5,7,15,59,68,75
,hu5,5,12,33,68,74
,hu5,7,19,20,46,52
,hu5,13,66,71,75,77
,hu5,6,25,70,82,88
,hu5,4,13,15,22,27
,hu5,6,10,36,51,56
,hu5,4,14,21,24,72
,hu5,3,25,67,69,89
,hu5,6,47,57,72,75
,hu5,14,38,47,87,89
,hu5,32,58,70,76,80
,hu5,26,41,48,56,67
,hu5,22,56,58,64,86
,hu5,48,51,55,81,88
,hu5,10,24,43,50,84
,hu5,23,59,63,81,89
,hu5,3,12,20,29,36
,hu5,17,20,52,55,65
,hu5,5,45,58,68,73
,hu5,32,34,37,72,86
,hu5,6,12,16,27,41
,hu5,32,39,55,67,69
,hu5,1,3,44,49,69
,hu5,18,21,31,46,61
,hu5,6,35,73,81,90
,hu5,35,41,64,75,76
,hu5,13,15,29,52,64
,hu5,11,36,50,64,87
,hu5,16,20,53,85,86
,hu5,1,7,28,34,65
,hu5,2,5,8,19,51
,hu5,9,15,30,41,89
,hu5,3,45,66,81,87
,hu5,7,10,34,42,74
,hu5,7,10,14,17,47
,hu5,8,25,37,56,83
,hu5,1,5,28,56,88
,hu5,3,7,16,42,84
,hu5,11,21,38,49,50
,hu5,15,50,64,79,88
,hu5,2,3,6,8,30
,hu5,1,9,34,52,66
,hu5,11,28,35,39,63
,hu5,19,32,52,72,81
,hu5,6,7,10,50,70
,hu5,5,23,51,78,81
,hu5,33,58,64,66,77
,hu5,2,21,73,74,85
,hu5,6,9,21,60,75
,hu5,7,26,32,81,85
,hu5,52,58,60,83,87
,hu5,39,55,64,85,86
,hu5,7,44,55,66,88
,hu5,35,43,64,83,84
,hu5,9,11,36,60,85
,hu5,42,54,66,75,90
,hu5,14,24,42,61,77
,hu5,8,11,36,39,71
,hu5,42,60,62,74,89
,hu5,50,53,67,88,90
,hu5,21,54,82,84,90
,hu5,1,9,19,23,73
,hu5,6,7,9,33,88
,hu5,3,19,29,49,73
,hu5,4,10,28,47,77
,hu5,6,41,53,66,72
,hu5,33,41,45,77,83
,hu5,9,11,54,72,90
,hu5,2,17,29,60,71
,hu5,25,43,48,61,81
,hu5,18,23,40,70,76
,hu5,10,12,16,60,87
,hu5,16,43,54,78,79
,hu5,2,49,79,81,88
,hu5,27,28,46,49,73
,hu5,4,13,28,72,77
,hu5,8,26,39,89,90
,hu5,3,12,29,50,77
,hu5,13,44,47,75,86
,hu5,12,15,27,40,62
,hu5,3,23,57,58,82
,hu5,10,30,42,50,51
,hu5,37,43,50,70,84
,hu5,24,40,42,44,71
,hu5,12,16,20,37,47
,hu5,17,50,58,65,84
,hu5,2,8,59,63,82
,hu5,35,36,52,81,86
,hu5,31,55,65,69,86
,hu5,12,22,50,76,85
,hu5,6,34,36,67,89
,hu5,5,10,37,56,71
,hu5,1,15,34,36,53
,hu5,4,43,50,54,65
,hu5,17,22,24,29,59
,hu5,4,37,62,72,85
,hu5,3,56,61,85,89
,hu5,4,8,33,47,84
,hu5,5,21,39,61,76
,hu5,20,24,37,54,90
,hu5,13,41,43,85,88
,hu5,10,26,44,54,73
,hu5,3,14,29,33,59
,hu5,1,3,11,19,84
,hu5,21,37,39,56,77
,hu5,17,26,38,84,86
,hu5,12,20,29,38,40
,hu5,16,35,39,40,42
,hu5,1,34,57,58,61
,hu5,3,13,38,69,71
,hu5,5,15,41,66,86
,hu5,35,50,52,83,86
,hu5,1,23,52,61,87
,hu5,31,39,41,63,74
,hu5,16,30,32,50,74
,hu5,11,33,35,38,54
,hu5,22,49,54,81,88
,hu5,8,14,56,70,86
,hu5,7,21,51,63,87
,hu5,14,44,46,48,67
,hu5,18,29,33,39,75
,hu5,15,25,65,77,90
,hu5,43,45,67,71,83
,hu5,22,32,38,45,59
,hu5,8,27,36,77,83
,hu5,40,42,52,61,75
,hu5,17,41,59,68,84
,hu5,9,13,17,19,89
,hu5,33,40,69,88,89
,hu5,41,53,58,82,90
,hu5,28,47,65,68,84
,hu5,9,43,53,79,81
,hu5,5,29,33,69,82
,hu5,2,16,34,68,79
,hu5,11,20,71,79,80
,hu5,43,56,64,69,81
,hu5,5,15,50,63,78
,hu5,35,47,57,71,86
,hu5,16,24,57,77,86
,hu5,1,49,53,75,86
,hu5,8,27,49,76,81
,hu5,6,15,41,48,84
,hu5,3,8,22,39,55
,hu5,10,22,72,75,80
,hu5,2,3,43,47,80
,hu5,22,23,67,79,81
,hu5,10,34,47,84,85
,hu5,13,34,47,48,73
,hu5,31,33,54,62,85
,hu5,22,39,43,44,52
,hu5,12,21,42,60,84
,hu5,6,14,37,46,54
,hu5,41,51,58,65,76
,hu5,34,36,54,58,87
,hu5,13,33,48,75,76
,hu5,50,56,67,78,82
,hu5,2,17,20,22,33
,hu5,6,12,14,30,45
,hu5,29,30,38,43,73
,hu5,29,42,46,50,57
,hu5,18,20,35,51,72
,hu5,22,29,56,73,83
,hu5,10,23,41,54,75
,hu5,24,31,36,71,78
,hu5,11,41,48,56,81
,hu5,17,42,61,79,82
,hu5,8,32,51,77,87
,hu5,21,23,26,37,38
,hu5,3,25,36,48,85
,hu5,6,36,44,46,86
,hu5,10,52,61,78,84
,hu5,16,42,71,76,90
,hu5,3,38,46,59,83
,hu5,6,10,57,60,75
,hu5,9,12,13,46,51
,hu5,4,41,70,74,83
,hu5,2,12,22,60,68
,hu5,9,51,52,79,84
,hu5,18,24,43,52,63
,hu5,4,8,35,42,61
,hu5,3,28,44,58,61
,hu5,4,15,23,29,51
,hu5,26,35,65,74,79
,hu5,6,45,49,69,71
,hu5,51,52,67,68,87
,hu5,18,27,37,40,59
,hu5,21,30,34,42,62
,hu5,23,27,45,76,86
,hu5,5,8,13,48,90
,hu5,15,55,65,84,88
,hu5,55,77,78,80,83
,hu5,4,42,44,63,77
,hu5,26,58,60,77,90
,hu5,9,31,48,77,78
,hu5,35,41,74,79,83
,hu5,19,55,56,58,77
,hu5,13,34,53,63,67
,hu5,58,64,75,80,88
,hu5,4,11,57,65,69
,hu5,18,23,38,52,55
,hu5,10,22,32,75,78
,hu5,5,6,25,56,63
,hu5,20,28,35,78,86
,hu5,23,25,60,81,89
,hu5,10,23,66,67,84
,hu5,3,59,72,75,90
,hu5,6,19,21,72,75
,hu5,8,39,42,45,66
,hu5,1,5,8,23,41
,hu5,7,8,62,65,71
,hu5,20,52,55,56,68
,hu5,14,16,21,34,84
,hu5,2,5,24,48,61
,hu5,1,5,12,35,89
,hu5,3,15,17,29,74
,hu5,1,32,52,56,69
,hu5,4,8,19,36,56
,hu5,11,14,35,56,77
,hu5,13,27,48,57,75
,hu5,27,29,30,31,71
,hu5,15,42,48,75,81
,hu5,30,39,46,73,80
,hu5,11,53,68,72,73
,hu5,21,39,50,82,89
,hu5,4,18,38,46,74
,hu5,3,7,14,48,51
,hu5,15,44,49,54,62
,hu5,33,54,64,66,81
,hu5,3,46,52,72,78
,hu5,10,16,51,53,72
,hu5,5,8,27,32,49
,hu5,12,79,83,88,89
,hu5,20,43,46,68,74
,hu5,10,44,58,66,73
,hu5,28,42,54,56,66
,hu5,9,10,11,73,90
,hu5,43,51,60,79,84
,hu5,3,9,10,77,85
,hu5,24,34,52,74,76
,hu5,3,31,45,50,77
,hu5,15,24,41,54,79
,hu5,16,58,73,83,89
,hu5,4,66,68,76,84
,hu5,5,22,34,62,70
,hu5,18,31,69,70,77
,hu5,10,19,65,80,86
,hu5,24,46,47,53,90
,hu5,17,19,36,55,77
,hu5,11,12,35,59,71
,hu5,23,51,52,75,81
,hu5,3,16,26,57,77
,hu5,26,27,59,76,79
,hu5,13,41,52,71,76
,hu5,7,8,17,50,65
,hu5,20,24,31,57,73
,hu5,10,26,36,37,77
,hu5,10,64,68,73,75
,hu5,6,8,22,23,64
,hu5,2,13,20,29,66
,hu5,20,36,41,44,60
,hu5,33,45,53,55,59
,hu5,4,38,43,51,83
,hu5,15,18,31,32,86
,hu5,16,23,24,72,85
,hu5,18,57,65,70,72
,hu5,40,43,64,75,88
,hu5,6,21,40,48,73
,hu5,19,46,58,65,82
,hu5,2,49,69,71,78
,hu5,3,18,22,32,61
,hu5,13,47,49,57,75
,hu5,15,25,40,51,60
,hu5,17,27,34,40,71
,hu5,22,44,53,55,69
,hu5,13,17,18,47,67
,hu5,1,20,46,53,55
,hu5,15,19,37,49,61
,hu5,9,20,23,55,62
,hu5,6,19,54,58,60
,hu5,28,46,58,59,78
,hu5,13,15,31,32,82
,hu5,2,13,43,74,77
,hu5,28,31,47,84,87
,hu5,15,22,60,66,80
,hu5,13,33,84,85,87
,hu5,2,9,10,19,82
,hu5,56,63,77,80,82
,hu5,8,50,64,67,86
,hu5,6,7,16,25,78
,hu5,3,14,33,52,80
,hu5,2,22,47,80,89
,hu5,13,52,56,75,76
,hu5,2,3,20,62,66
,hu5,7,9,19,49,89
,hu5,17,35,58,67,87
,hu5,2,26,41,47,64
,hu5,23,32,36,54,87
,hu5,15,18,54,59,64
,hu5,6,23,27,37,59
,hu5,40,43,54,80,81
,hu5,35,49,56,65,75
,hu5,24,33,46,61,67
,hu5,3,15,21,22,53
,hu5,8,29,60,63,85
,hu5,17,19,68,74,85
,hu5,36,45,56,76,88
,hu5,38,52,58,84,86
,hu5,25,36,61,81,82
,hu5,14,18,67,87,88
,hu5,4,15,22,35,86
,hu5,17,54,73,86,89
,hu5,38,57,61,67,69
,hu5,4,23,62,77,81
,hu5,23,42,45,84,89
,hu5,7,34,52,53,80
,hu5,7,25,41,48,56
,hu5,2,33,48,52,54
,hu5,6,12,32,34,80
,hu5,29,37,74,81,87
,hu5,29,44,48,72,88
,hu5,23,28,37,54,76
,hu5,11,23,37,39,64
,hu5,27,40,55,65,70
,hu5,8,31,37,61,72
,hu5,10,17,19,23,47
,hu5,22,24,29,74,82
,hu5,19,38,43,63,90
,hu5,20,49,50,79,84
,hu5,18,24,27,46,61
,hu5,13,44,63,85,86
,hu5,4,10,39,44,76
,hu5,16,41,65,80,82
,hu5,25,33,37,46,65
,hu5,26,32,56,64,86
,hu5,1,44,55,61,66
,hu5,15,16,33,62,78
,hu5,14,24,30,58,61
,hu5,4,7,25,70,78
,hu5,22,30,33,36,90
,hu5,2,12,28,63,79
,hu5,5,12,62,75,90
,hu5,19,23,25,53,79
,hu5,3,10,23,84,87
,hu5,44,47,48,55,60
,hu5,1,25,62,70,73
,hu5,39,50,51,59,72
,hu5,11,35,51,53,90
,hu5,3,34,38,40,65
,hu5,12,15,42,45,87
,hu5,5,17,77,86,89
,hu5,8,49,53,64,78
,hu5,6,33,73,76,87
,hu5,3,13,15,56,75
,hu5,8,47,65,77,88
,hu5,4,62,73,79,84
,hu5,44,45,49,56,90
,hu5,11,13,40,55,56
,hu5,55,72,73,77,87
,hu5,4,42,44,72,81
,hu5,20,21,29,36,67
,hu5,21,24,42,57,66
,hu5,10,18,57,64,80
,hu5,10,19,31,73,79
,hu5,29,34,44,74,81
,hu5,6,11,19,25,76
,hu5,25,34,49,68,75
,hu5,3,39,69,76,81
,hu5,26,53,61,70,83
,hu5,25,34,46,51,53
,hu5,3,16,19,57,67
,hu5,12,33,34,46,87
,hu5,15,30,34,44,47
,hu5,13,47,66,73,75
,hu5,7,47,50,72,79
,hu5,34,47,49,51,56
,hu5,7,11,13,76,79
,hu5,55,69,72,73,78
,hu5,2,61,69,78,84
,hu5,25,26,30,40,86
,hu5,7,41,53,86,88
,hu5,14,34,46,57,69
,hu5,22,25,59,64,76
,hu5,18,19,35,44,86
,hu5,24,44,60,64,79
,hu5,45,57,69,86,90
,hu5,10,58,60,82,87
,hu5,20,24,41,84,88
,hu5,3,8,26,36,65
,hu5,21,22,56,84,86
,hu5,24,32,40,83,89
,hu5,3,11,42,53,56
,hu5,8,20,22,56,89
,hu5,17,21,49,63,80
,hu5,13,30,39,47,77
,hu5,21,57,69,85,86
,hu5,29,40,51,56,74
,hu5,16,38,50,51,84
,hu5,16,35,57,70,74
,hu5,8,12,32,37,47
,hu5,18,31,40,49,72
,hu5,3,34,43,57,59
,hu5,3,27,53,61,78
,hu5,4,18,37,77,90
,hu5,28,46,61,63,90
,hu5,6,21,25,60,65
,hu5,30,54,59,84,85
,hu5,4,41,50,71,86
,hu5,48,51,58,65,69
,hu5,24,58,63,76,87
,hu5,1,21,76,86,87
,hu5,28,39,41,58,65
,hu5,5,46,61,85,90
,hu5,33,42,48,64,79
,hu5,23,33,57,73,82
,hu5,39,40,48,74,85
,hu5,2,34,36,50,65
,hu5,7,14,69,86,90
,hu5,31,37,40,47,71
,hu5,2,42,70,71,82
,hu5,28,48,63,72,74
,hu5,20,61,77,83,86
,hu5,2,3,62,63,66
,hu5,2,22,33,37,40
,hu5,9,50,67,75,78
,hu5,10,69,70,76,87
,hu5,14,20,42,43,90
,hu5,37,41,58,60,69
,hu5,29,32,75,77,83
,hu5,2,46,58,68,78
,hu5,12,18,48,71,77
,hu5,28,48,68,80,88
,hu5,10,15,24,43,65
,hu5,6,12,33,68,69
,hu5,3,13,24,35,43
,hu5,13,46,56,73,79
,hu5,28,35,42,51,79
,hu5,38,64,83,85,90
,hu5,20,24,71,77,87
,hu5,31,32,53,55,64
,hu5,6,20,47,49,65
,hu5,40,42,47,76,85
,hu5,6,8,26,44,50
,hu5,9,30,35,45,71
,hu5,22,25,28,71,77
,hu5,17,23,41,52,63
,hu5,12,15,25,38,61
,hu5,17,36,71,73,90
,hu5,33,34,84,86,88
,hu5,3,7,30,33,83
,hu5,36,52,60,69,76
,hu5,1,18,60,79,81
,hu5,3,9,14,73,86
,hu5,4,26,38,44,86
,hu5,10,24,33,41,87
,hu5,3,16,74,75,86
,hu5,11,12,57,83,86
,hu5,44,49,70,72,78
,hu5,4,7,19,25,65
,hu5,10,15,35,41,56
,hu5,23,27,33,75,88
,hu5,16,38,49,50,82
,hu5,18,21,27,31,85
,hu5,7,8,10,15,69
,hu5,6,11,27,69,85
,hu5,21,67,71,78,86
,hu5,21,38,68,70,90
,hu5,9,24,39,65,69
,hu5,15,16,25,42,50
,hu5,22,48,57,66,67
,hu5,9,16,37,55,68
,hu5,6,16,47,84,89
,hu5,36,42,53,56,63
,hu5,8,11,33,61,83
,hu5,12,27,32,49,67
,hu5,13,24,27,30,69
,hu5,15,28,36,54,62
,hu5,1,29,51,52,88
,hu5,4,22,25,77,90
,hu5,6,20,28,46,80
,hu5,61,78,80,81,86
,hu5,24,46,48,70,85
,hu5,6,20,23,65,68
,hu5,11,24,25,34,72
,hu5,33,38,39,75,81
,hu5,21,26,37,71,89
,hu5,23,37,63,81,85
,hu5,6,7,46,56,57
,hu5,10,39,54,72,73
,hu5,5,11,35,53,84
,hu5,4,58,75,84,88
,hu5,39,55,72,74,76
,hu5,23,34,69,79,84
,hu5,12,42,44,78,84
,hu5,22,67,68,72,81
,hu5,16,40,54,82,86
,hu5,4,8,22,27,75
,hu5,3,6,40,47,48
,hu5,1,44,57,60,82
,hu5,6,11,15,38,51
,hu5,18,24,51,74,90
,hu5,20,41,49,56,64
,hu5,2,36,46,49,56
,hu5,21,35,48,52,60
,hu5,50,67,74,75,85
,hu5,14,18,50,65,82
,hu5,2,12,26,42,71
,hu5,10,11,13,56,79
,hu5,20,44,54,63,69
,hu5,38,42,67,71,76
,hu5,38,56,62,70,84
,hu5,19,29,69,72,89
,hu5,34,68,71,72,75
,hu5,11,14,31,51,67
,hu5,23,45,71,76,90
,hu5,26,35,53,61,64
,hu5,1,51,66,68,83
,hu5,38,64,67,74,78
,hu5,19,25,47,64,77
,hu5,11,33,65,68,78
,hu5,14,55,66,67,76
,hu5,3,5,57,80,85
,hu5,13,21,31,73,82
,hu5,11,29,54,73,74
,hu5,29,39,54,64,90
,hu5,4,7,29,79,82
,hu5,13,19,43,49,90
,hu5,3,26,30,45,78
,hu5,29,35,64,83,87
,hu5,2,13,21,36,70
,hu5,1,37,43,56,86
,hu5,65,67,70,71,89
,hu5,24,29,55,56,65
,hu5,4,25,28,62,82
,hu5,13,40,49,82,85
,hu5,30,32,45,46,77
,hu5,1,14,17,54,84
,hu5,14,43,59,85,90
,hu5,10,12,27,29,84
,hu5,3,35,44,69,75
,hu5,14,25,26,28,83
,hu5,16,45,74,78,79
,hu5,35,49,64,69,72
,hu5,5,7,12,65,74
,hu5,6,26,57,63,79
,hu5,25,37,51,60,87
,hu5,61,65,66,83,86
,hu5,13,19,35,37,66
,hu5,2,31,36,43,84
,hu5,9,20,23,52,53
,hu5,26,27,45,53,69
,hu5,45,49,71,78,86
,hu5,21,42,47,69,74
,hu5,19,23,54,56,61
,hu5,1,6,7,16,44
,hu5,41,60,66,68,84
,hu5,24,26,57,75,90
,hu5,13,21,32,38,41
,hu5,1,18,28,70,71
,hu5,3,5,58,67,72
,hu5,8,10,22,32,36
,hu5,12,23,47,59,66
,hu5,4,7,24,29,30
,hu5,19,44,50,62,70
,hu5,33,54,71,76,84
,hu5,4,17,42,63,85
,hu5,37,43,60,66,83
,hu5,42,69,74,85,89
,hu5,14,42,53,67,79
,hu5,13,29,66,71,77
,hu5,4,17,39,49,89
,hu5,51,59,64,75,86
,hu5,7,8,15,50,80
,hu5,23,69,80,83,87
,hu5,23,29,68,71,86
,hu5,35,48,60,70,89
,hu5,23,28,30,41,45
,hu5,12,17,39,51,89
,hu5,5,41,62,82,83
,hu5,3,38,59,65,83
,hu5,55,61,75,81,90
,hu5,4,16,37,41,69
,hu5,3,16,72,76,77
,hu5,50,53,54,61,79
,hu5,21,36,38,47,50
,hu5,12,25,39,86,88
,hu5,13,69,76,86,88
,hu5,5,32,36,38,49
,hu5,7,19,28,56,90
,hu5,41,59,67,72,84
,hu5,9,33,50,79,86
,hu5,12,16,29,67,72
,hu5,7,14,18,40,63
,hu5,24,28,68,70,74
,hu5,12,18,67,78,82
,hu5,6,7,16,27,51
,hu5,17,29,32,33,73
,hu5,46,47,55,73,80
,hu5,14,42,46,77,82
,hu5,6,42,44,57,80
,hu5,7,12,27,41,88
,hu5,18,37,41,58,74
,hu5,10,33,47,70,81
,hu5,12,31,39,45,84
,hu5,14,28,60,69,80
,hu5,34,36,38,46,56
,hu5,8,21,61,65,76
,hu5,17,21,29,59,66
,hu5,3,29,34,61,62
,hu5,19,61,62,74,82
,hu5,12,28,45,62,68
,hu5,11,45,51,63,65
,hu5,9,13,55,66,69
,hu5,9,34,48,55,65
,hu5,12,14,38,63,72
,hu5,27,35,49,50,74
,hu5,15,19,29,47,64
,hu5,14,39,44,48,60
,hu5,13,23,67,77,83
,hu5,15,24,31,36,77
,hu5,1,3,60,75,81
,hu5,6,30,34,36,64
,hu5,4,21,51,84,90
,hu5,15,43,62,66,70
,hu5,4,26,62,73,86
,hu5,23,39,43,45,80
,hu5,38,41,51,83,85
,hu5,3,16,34,46,89
,hu5,7,20,34,67,76
,hu5,5,12,36,75,79
,hu5,23,55,66,67,74
,hu5,2,14,31,47,56
,hu5,26,56,65,69,84
,hu5,2,24,47,75,78
,hu5,11,23,39,50,64
,hu5,7,24,44,51,73
,hu5,13,17,33,43,44
,hu5,28,33,34,40,81
,hu5,2,10,41,60,62
,hu5,3,8,21,68,84
,hu5,8,29,53,87,89
,hu5,6,30,51,79,87
,hu5,16,51,56,63,66
,hu5,20,42,52,53,87
,hu5,32,37,53,84,90
,hu5,6,39,45,56,79
,hu5,14,22,47,75,77
,hu5,11,16,33,53,86
,hu5,42,47,50,65,70
,hu5,8,44,47,48,71
,hu5,12,29,42,62,69
,hu5,3,50,60,77,85
,hu5,18,21,55,68,77
,hu5,13,21,60,71,89
,hu5,16,25,41,47,55
,hu5,18,20,40,79,82
,hu5,1,22,67,76,83
,hu5,23,30,43,52,64
,hu5,34,38,43,60,89
,hu5,28,75,78,82,83
,hu5,9,18,32,48,75
,hu5,17,40,83,84,87
,hu5,2,9,19,62,64
,hu5,20,37,64,68,78
,hu5,26,49,59,76,82
,hu5,40,42,51,58,75
,hu5,42,66,67,72,85
,hu5,13,21,33,49,90
,hu5,29,40,52,58,59
,hu5,14,24,33,52,81
,hu5,13,43,49,59,61
,hu5,10,23,26,45,62
,hu5,1,9,20,27,41
,hu5,3,26,41,67,86
,hu5,10,14,40,46,86
,hu5,22,34,47,77,80
,hu5,6,31,66,79,87
,hu5,1,22,59,67,72
,hu5,6,33,43,50,51
,hu5,2,10,49,66,84
,hu5,1,2,9,47,60
,hu5,25,35,38,49,73
,hu5,31,34,56,69,84
,hu5,29,43,63,68,81
,hu5,1,10,12,31,70
,hu5,22,23,32,42,76
,hu5,28,38,45,68,83
,hu5,6,18,31,60,62
,hu5,12,28,81,82,85
,hu5,20,25,56,73,74
,hu5,23,24,37,50,52
,hu5,17,30,60,70,82
,hu5,3,31,52,54,63
,hu5,36,55,73,74,81
,hu5,18,19,43,54,85
,hu5,31,40,41,55,68
,hu5,9,51,59,73,75
,hu5,13,17,28,50,66
,hu5,6,10,18,28,86
,hu5,32,37,50,63,67
,hu5,39,50,72,75,81
,hu5,17,22,27,30,37
,hu5,12,32,48,50,63
,hu5,42,45,67,78,88
,hu5,1,35,59,79,84
,hu5,8,12,34,37,81
,hu5,1,2,33,51,88
,hu5,28,33,51,56,70
,hu5,12,23,38,61,63
,hu5,21,35,36,48,60
,hu5,5,47,70,80,87
,hu5,5,25,44,82,87
,hu5,13,24,41,47,86
,hu5,12,28,37,51,79
,hu5,22,33,50,62,69
,hu5,3,18,20,41,49
,hu5,12,21,26,56,86
,hu5,7,10,18,47,68
,hu5,1,25,46,48,49
,hu5,13,60,72,75,88
,hu5,38,51,64,74,81
,hu5,11,29,35,44,67
,hu5,6,22,26,50,55
,hu5,22,34,50,64,81
,hu5,20,36,39,43,51
,hu5,1,3,25,69,73
,hu5,34,42,53,54,80
,hu5,10,39,71,76,81
,hu5,18,47,65,75,89
,hu5,7,14,15,45,82
,hu5,33,40,42,69,74
,hu5,32,33,68,73,84
,hu5,11,15,19,57,69
,hu5,4,29,31,35,90
,hu5,2,3,12,78,88
,hu5,3,9,15,32,63
,hu5,24,34,54,81,90
,hu5,7,17,57,70,73
,hu5,41,47,49,59,65
,hu5,18,25,27,34,51
,hu5,9,12,32,34,35
,hu5,21,49,62,63,90
,hu5,13,28,44,46,90
,hu5,6,18,53,61,64
,hu5,29,34,36,59,80
,hu5,2,17,32,50,85
,hu5,2,13,30,40,59
,hu5,14,19,22,65,78
,hu5,6,20,26,47,66
,hu5,20,53,59,72,89
,hu5,18,39,41,62,72
,hu5,12,26,47,58,82
,hu5,1,46,55,66,70
,hu5,1,17,23,59,65
,hu5,10,23,24,57,83
,hu5,25,46,52,57,75
,hu5,3,9,55,64,74
,hu5,12,22,30,56,67
,hu5,3,19,65,86,88
,hu5,15,19,36,53,55
,hu5,30,41,45,59,72
,hu5,34,38,42,73,77
,hu5,6,35,73,76,82
,hu5,30,47,67,70,75
,hu5,23,59,66,72,74
,hu5,32,45,49,55,70
,hu5,2,14,36,42,76
,hu5,17,21,64,71,78
,hu5,5,10,58,84,88
,hu5,11,34,52,65,85
,hu5,19,23,52,77,89
,hu5,4,35,38,55,88
,hu5,11,30,53,68,77
,hu5,19,49,65,71,82
,hu5,10,18,60,68,76
,hu5,32,40,65,76,88
,hu5,15,50,57,64,70
,hu5,1,17,36,53,76
,hu5,38,43,61,73,87
,hu5,25,36,44,58,90
,hu5,1,19,30,39,82
,hu5,1,39,58,70,87
,hu5,14,35,37,58,87
,hu5,17,24,38,39,53
,hu5,17,58,69,83,87
,hu5,3,10,36,40,43
,hu5,3,28,43,46,86
,hu5,23,28,47,50,73
,hu5,5,69,71,81,89
,hu5,22,31,66,77,86
,hu5,37,46,53,73,81
,hu5,8,11,25,34,62
,hu5,14,53,65,74,82
,hu5,3,12,14,51,53
,hu5,4,31,72,82,85
,hu5,11,15,56,58,79
,hu5,53,60,61,85,90
,hu5,5,33,34,57,72
,hu5,22,40,42,51,55
,hu5,38,48,54,56,68
,hu5,3,9,21,29,76
,hu5,12,21,77,84,85
,hu5,27,56,70,80,89
,hu5,18,42,62,69,71
,hu5,3,10,46,70,83
,hu5,5,12,32,47,66
,hu5,7,18,24,63,70
,hu5,9,10,22,36,66
,hu5,4,5,42,52,64
,hu5,16,18,33,37,76
,hu5,8,24,28,38,82
,hu5,13,60,64,69,90
,hu5,5,21,33,68,86
,hu5,22,45,67,68,73
,hu5,35,38,43,56,80
,hu5,39,56,69,75,76
,hu5,28,48,57,66,73
,hu5,53,61,67,76,83
,hu5,21,36,42,65,74
,hu5,15,25,49,51,81
,hu5,5,19,26,43,60
,hu5,13,15,67,79,82
,hu5,14,18,36,55,85
,hu5,11,21,32,50,77
,hu5,1,15,33,35,49
,hu5,2,5,67,73,87
,hu5,7,12,36,44,84
,hu5,11,28,51,63,85
,hu5,28,38,45,46,75
,hu5,23,33,48,63,73
,hu5,35,39,45,47,87
,hu5,3,26,46,65,81
,hu5,14,26,49,58,81
,hu5,14,18,27,47,77
,hu5,9,45,53,74,80
,hu5,5,10,15,28,39
,hu5,14,23,57,82,86
,hu5,11,31,36,58,79
,hu5,7,27,62,66,67
,hu5,18,47,55,71,82
,hu5,34,68,69,87,88
,hu5,13,22,43,45,77
,hu5,17,24,34,35,45
,hu5,5,15,34,53,78
,hu5,28,44,57,88,90
,hu5,40,51,60,66,71
,hu5,24,31,57,66,78
,hu5,9,43,46,60,67
,hu5,14,22,48,75,81
,hu5,14,19,47,49,61
,hu5,17,20,35,44,62
,hu5,9,15,46,48,89
,hu5,1,3,35,42,72
,hu5,8,13,49,57,59
,hu5,3,11,51,53,69
,hu5,18,34,58,70,71
,hu5,5,46,49,52,59
,hu5,14,19,54,64,87
,hu5,45,50,75,86,88
,hu5,26,49,64,65,86
,hu5,8,17,51,67,78
,hu5,25,35,75,79,85
,hu5,5,10,37,54,78
,hu5,1,41,44,51,61
,hu5,6,39,42,52,71
,hu5,6,9,31,35,70
,hu5,7,8,15,23,61
,hu5,9,11,29,78,86
,hu5,20,22,24,25,42
,hu5,29,32,51,63,70
,hu5,29,45,49,61,74
,hu5,37,45,75,77,81
,hu5,4,49,54,76,90
,hu5,5,6,55,75,89
,hu5,60,69,76,77,88
,hu5,7,22,40,74,78
,hu5,29,30,39,55,60
,hu5,4,26,34,55,83
,hu5,21,29,30,38,81
,hu5,38,42,44,76,80
,hu5,6,11,53,59,83
,hu5,13,15,41,55,65
,hu5,8,29,32,80,83
,hu5,12,29,48,70,71
,hu5,8,13,37,73,75
,hu5,1,16,35,44,82
,hu5,29,47,49,71,90
,hu5,10,15,29,39,47
,hu5,13,14,23,25,39
,hu5,3,37,61,70,74
,hu5,3,11,27,39,82
,hu5,6,25,30,32,48
,hu5,21,42,71,75,83
,hu5,12,29,37,40,41
,hu5,1,6,27,49,68
,hu5,1,2,47,53,56
,hu5,6,20,23,54,90
,hu5,5,23,33,34,37
,hu5,2,15,18,44,72
,hu5,33,34,51,64,71
,hu5,13,18,26,34,46
,hu5,14,20,29,33,34
,hu5,12,15,69,80,84
,hu5,16,54,55,63,79
,hu5,3,10,20,71,86
,hu5,1,9,37,54,57
,hu5,4,16,33,49,84
,hu5,3,10,59,72,80
,hu5,37,58,67,78,85
,hu5,1,7,10,35,89
,hu5,5,25,35,36,57
,hu5,13,49,52,66,67
,hu5,10,28,30,59,83
,hu5,36,46,49,68,74
,hu5,1,53,68,73,78
,hu5,5,19,50,62,75
,hu5,17,28,48,54,81
,hu5,13,26,45,77,86
,hu5,2,19,29,84,90
,hu5,11,17,65,69,75
,hu5,10,19,32,55,68
,hu5,37,61,71,77,85
,hu5,9,18,29,56,80
,hu5,19,51,65,84,89
,hu5,27,38,62,72,83
,hu5,5,25,41,52,89
,hu5,4,6,20,23,66
,hu5,2,12,56,80,84
,hu5,12,22,29,33,69
,hu5,5,17,45,53,65
,hu5,4,6,23,42,89
,hu5,5,28,33,58,77
,hu5,3,26,27,31,49
,hu5,8,27,34,51,86
,hu5,2,31,38,54,61
,hu5,7,9,52,59,89
,hu5,42,65,68,75,78
,hu5,7,13,34,87,89
,hu5,2,31,48,75,87
,hu5,14,20,50,73,74
,hu5,3,70,73,77,82
,hu5,7,34,42,45,52
,hu5,7,8,22,39,75
,hu5,6,39,53,66,79
,hu5,5,40,42,79,80
,hu5,21,32,73,77,83
,hu5,3,4,13,79,86
,hu5,4,37,40,66,70
,hu5,19,29,51,64,79
,hu5,31,37,53,54,76
,hu5,8,57,63,75,77
,hu5,1,5,31,34,57
,hu5,23,31,42,71,74
,hu5,22,25,82,83,87
,hu5,30,32,43,53,58
,hu5,17,23,29,45,81
,hu5,20,36,74,80,90
,hu5,4,17,38,67,74
,hu5,1,15,35,46,49
,hu5,4,9,23,50,83
,hu5,9,20,23,56,90
,hu5,31,45,65,71,74
,hu5,7,23,26,70,88
,hu5,10,38,51,67,89
,hu5,22,29,64,83,90
,hu5,4,14,26,67,74
,hu5,3,8,20,21,38
,hu5,28,44,48,78,88
,hu5,4,36,51,69,72
,hu5,15,17,41,56,84
,hu5,9,14,21,59,70
,hu5,24,58,67,70,84
,hu5,6,34,52,82,83
,hu5,12,21,55,70,83
,hu5,25,82,84,85,88
,hu5,14,15,25,56,59
,hu5,30,52,56,76,83
,hu5,20,21,24,37,71
,hu5,7,24,37,44,84
,hu5,12,18,38,56,58
,hu5,7,15,24,38,43
,hu5,42,62,69,78,89
,hu5,19,36,43,51,87
,hu5,13,49,71,77,80
,hu5,16,28,42,44,68
,hu5,22,35,54,64,87
,hu5,6,20,27,69,86
,hu5,6,37,41,60,79
,hu5,23,44,51,71,82
,hu5,24,43,62,82,85
,hu5,23,28,56,69,77
,hu5,16,18,36,78,82
,hu5,1,7,16,41,60
,hu5,51,64,67,73,87
,hu5,13,41,47,80,87
,hu5,18,24,46,63,85
,hu5,13,41,43,51,74
,hu5,22,28,36,61,81
,hu5,1,10,43,54,75
,hu5,6,9,69,73,81
,hu5,9,19,24,32,78
,hu5,7,26,59,73,80
,hu5,3,11,27,38,77
,hu5,8,67,74,85,86
,hu5,11,15,21,60,90
,hu5,14,19,27,37,57
,hu5,1,4,26,46,71
,hu5,32,36,79,87,90
,hu5,17,40,72,76,83
,hu5,2,8,16,34,45
,hu5,1,50,66,73,77
,hu5,7,13,57,69,71
,hu5,5,8,46,63,73
,hu5,11,27,53,67,71
,hu5,24,54,64,77,80
,hu5,39,74,76,78,80
,hu5,33,46,49,82,88
,hu5,37,40,48,65,70
,hu5,19,24,27,61,68
,hu5,8,17,34,51,76
,hu5,4,14,22,38,86
,hu5,1,25,49,62,75
,hu5,17,25,44,48,73
,hu5,9,13,24,54,63
,hu5,9,14,26,60,81
,hu5,1,12,13,15,26
,hu5,49,51,56,81,88
,hu5,9,12,45,65,89
,hu5,3,33,46,59,75
,hu5,16,38,40,65,73
,hu5,20,55,64,73,75
,hu5,7,52,58,62,67
,hu5,5,27,45,46,48
,hu5,12,19,35,42,64
,hu5,3,5,19,20,48
,hu5,7,12,24,30,75
,hu5,23,26,33,37,66
,hu5,26,33,38,47,53
,hu5,7,9,19,42,66
,hu5,8,12,24,26,85
,hu5,1,49,64,67,71
,hu5,16,61,71,77,89
